NAME,GEO_ID,total_population,female_population,median_gross_rent_in_dollars,median_household_income_past12months,male_bachelors_degree_25yrs_above,female_bachelors_degree_25yrs_above,state,county
"Baldwin County, Alabama","0500000US01003","218022","112585","1057","56813","16439","15771","01","003"
"Calhoun County, Alabama","0500000US01015","114277","59223","743","45818","3301","4613","01","015"
"Cullman County, Alabama","0500000US01043","83442","42648","710","44612","2681","2235","01","043"
"DeKalb County, Alabama","0500000US01049","71385","36337","670","36998","1608","2323","01","049"
"Elmore County, Alabama","0500000US01051","81887","41899","837","60796","4617","5529","01","051"
"Etowah County, Alabama","0500000US01055","102501","53671","685","45868","3823","4853","01","055"
"Houston County, Alabama","0500000US01069","104722","54322","731","48105","4712","4871","01","069"
"Jefferson County, Alabama","0500000US01073","659300","347141","917","55206","41693","53001","01","073"
"Lauderdale County, Alabama","0500000US01077","92387","46741","632","49014","4307","5455","01","077"
"Lee County, Alabama","0500000US01081","163941","83109","805","46456","8814","10908","01","081"
"Limestone County, Alabama","0500000US01083","96174","46976","691","67000","6663","5975","01","083"
"Madison County, Alabama","0500000US01089","366519","187555","858","63111","33188","34789","01","089"
"Marshall County, Alabama","0500000US01095","96109","48871","645","47528","4950","4366","01","095"
"Mobile County, Alabama","0500000US01097","413757","216748","824","43061","17328","23811","01","097"
"Montgomery County, Alabama","0500000US01101","225763","119150","893","49989","11604","14695","01","101"
"Morgan County, Alabama","0500000US01103","119089","59873","710","53260","7461","6976","01","103"
"St. Clair County, Alabama","0500000US01115","88690","43757","849","56602","4113","3725","01","115"
"Shelby County, Alabama","0500000US01117","215707","110685","1034","71230","21103","19076","01","117"
"Talladega County, Alabama","0500000US01121","79828","41339","650","40315","2561","2641","01","121"
"Tuscaloosa County, Alabama","0500000US01125","208911","109335","852","54459","10120","13063","01","125"
"Walker County, Alabama","0500000US01127","63711","32641","554","47602","1583","1971","01","127"
"Anchorage Municipality, Alaska","0500000US02020","291538","142870","1238","83648","21273","22609","02","020"
"Fairbanks North Star Borough, Alaska","0500000US02090","98971","45574","1232","75448","4286","6265","02","090"
"Matanuska-Susitna Borough, Alaska","0500000US02170","107610","52129","1075","72667","4597","5283","02","170"
"Apache County, Arizona","0500000US04001","71818","36205","509","30207","1563","1433","04","001"
"Cochise County, Arizona","0500000US04003","126770","61775","787","50495","5682","5881","04","003"
"Coconino County, Arizona","0500000US04005","142854","72333","1234","61843","8656","9349","04","005"
"Maricopa County, Arizona","0500000US04013","4410824","2228850","1119","65252","305141","315321","04","013"
"Mohave County, Arizona","0500000US04015","209550","103954","798","46060","8654","7019","04","015"
"Navajo County, Arizona","0500000US04017","110445","55430","682","40463","2644","3290","04","017"
"Pima County, Arizona","0500000US04019","1039073","528806","887","53464","60424","69032","04","019"
"Pinal County, Arizona","0500000US04021","447138","213846","1059","59058","18063","19899","04","021"
"Yavapai County, Arizona","0500000US04025","231993","118982","864","48148","12999","16025","04","025"
"Yuma County, Arizona","0500000US04027","212128","102602","884","43403","8070","7484","04","027"
"Benton County, Arkansas","0500000US05007","272608","137492","908","67164","16717","20260","05","007"
"Craighead County, Arkansas","0500000US05031","108558","55376","732","44810","6531","5936","05","031"
"Faulkner County, Arkansas","0500000US05045","124806","64230","793","51437","7299","7920","05","045"
"Garland County, Arkansas","0500000US05051","99154","52056","790","42779","4169","5937","05","051"
"Jefferson County, Arkansas","0500000US05069","68114","34674","742","35652","1908","3739","05","069"
"Lonoke County, Arkansas","0500000US05085","73657","37458","856","53782","1924","3518","05","085"
"Pulaski County, Arkansas","0500000US05119","392680","205095","827","49613","23964","27580","05","119"
"Saline County, Arkansas","0500000US05125","121421","61884","856","63084","7047","7928","05","125"
"Sebastian County, Arkansas","0500000US05131","127753","64487","684","46826","5220","6983","05","131"
"Washington County, Arkansas","0500000US05143","236961","118873","795","50342","13269","14818","05","143"
"White County, Arkansas","0500000US05145","78727","40617","671","42270","3619","3752","05","145"
"Alameda County, California","0500000US06001","1666753","846574","1875","102125","151749","174637","06","001"
"Butte County, California","0500000US06007","231256","117520","1066","51652","12772","13610","06","007"
"Contra Costa County, California","0500000US06013","1150215","587232","1827","101618","98698","114462","06","013"
"El Dorado County, California","0500000US06017","190678","96151","1346","82742","15703","16668","06","017"
"Fresno County, California","0500000US06019","994400","498450","996","52629","37684","50795","06","019"
"Humboldt County, California","0500000US06023","136373","67651","975","50294","8737","10118","06","023"
"Imperial County, California","0500000US06025","181827","88172","775","48984","4655","6006","06","025"
"Kern County, California","0500000US06029","896764","436995","974","51579","26980","29850","06","029"
"Kings County, California","0500000US06031","151366","67775","1083","61663","4847","4636","06","031"
"Lake County, California","0500000US06033","64382","33064","1173","48554","1942","3384","06","033"
"Los Angeles County, California","0500000US06037","10105518","5122989","1479","68093","711094","771487","06","037"
"Madera County, California","0500000US06039","157672","81099","947","56305","4777","5955","06","039"
"Marin County, California","0500000US06041","259666","132367","2167","126373","30452","34163","06","041"
"Mendocino County, California","0500000US06045","87606","44589","1100","51830","4160","4962","06","045"
"Merced County, California","0500000US06047","274765","136245","1023","57745","5847","9272","06","047"
"Monterey County, California","0500000US06053","435594","214583","1511","70681","18960","21972","06","053"
"Napa County, California","0500000US06055","139417","69723","1655","87025","9325","13774","06","055"
"Nevada County, California","0500000US06057","99696","50888","1256","66299","9639","10186","06","057"
"Orange County, California","0500000US06059","3185968","1612779","1872","89759","287319","291693","06","059"
"Placer County, California","0500000US06061","393149","199853","1587","88592","36390","39797","06","061"
"Riverside County, California","0500000US06065","2450758","1229205","1374","66964","109687","116269","06","065"
"Sacramento County, California","0500000US06067","1540975","788133","1300","69767","103913","113975","06","067"
"San Bernardino County, California","0500000US06071","2171603","1090389","1275","63857","88282","103192","06","071"
"San Diego County, California","0500000US06073","3343364","1660556","1668","79079","254254","272050","06","073"
"San Francisco County, California","0500000US06075","883305","432320","1880","112376","131819","121775","06","075"
"San Joaquin County, California","0500000US06077","752660","378013","1243","64119","25373","33593","06","077"
"San Luis Obispo County, California","0500000US06079","284010","140256","1430","71148","20438","20988","06","079"
"San Mateo County, California","0500000US06081","769545","387861","2389","124425","80041","88006","06","081"
"Santa Barbara County, California","0500000US06083","446527","223119","1653","77472","25142","30426","06","083"
"Santa Clara County, California","0500000US06085","1937570","955151","2305","126606","188360","194872","06","085"
"Santa Cruz County, California","0500000US06087","274255","139389","1685","86941","18425","23646","06","087"
"Shasta County, California","0500000US06089","180040","91361","1084","56280","8163","9415","06","089"
"Solano County, California","0500000US06095","446610","224138","1633","84395","24707","33209","06","095"
"Sonoma County, California","0500000US06097","499942","255990","1655","81395","37565","41724","06","097"
"Stanislaus County, California","0500000US06099","549815","277496","1158","60321","18414","21507","06","099"
"Sutter County, California","0500000US06101","96807","49177","951","59121","4317","3885","06","101"
"Tulare County, California","0500000US06107","465861","231539","905","48817","12552","15293","06","107"
"Ventura County, California","0500000US06111","850967","430060","1747","84566","55876","61421","06","111"
"Yolo County, California","0500000US06113","220408","113400","1320","68670","12129","14356","06","113"
"Yuba County, California","0500000US06115","78041","38222","925","46574","2442","2841","06","115"
"Adams County, Colorado","0500000US08001","511868","253514","1367","70743","28113","27917","08","001"
"Arapahoe County, Colorado","0500000US08005","651215","328047","1384","76768","57281","62858","08","005"
"Boulder County, Colorado","0500000US08013","326078","162457","1498","83755","36450","38496","08","013"
"Broomfield County, Colorado","0500000US08014","69267","34557","1668","95800","8995","8804","08","014"
"Denver County, Colorado","0500000US08031","716492","357656","1330","68377","81547","80556","08","031"
"Douglas County, Colorado","0500000US08035","342776","171298","1704","119615","43658","43918","08","035"
"El Paso County, Colorado","0500000US08041","713856","353104","1194","68119","52817","54920","08","041"
"Jefferson County, Colorado","0500000US08059","580233","291617","1388","85890","58856","62241","08","059"
"Larimer County, Colorado","0500000US08069","350518","176434","1345","71091","28672","37134","08","069"
"Mesa County, Colorado","0500000US08077","153207","78313","869","49848","8728","11474","08","077"
"Pueblo County, Colorado","0500000US08101","167529","85725","775","48468","7117","9420","08","101"
"Weld County, Colorado","0500000US08123","314305","156180","1059","75938","18249","20199","08","123"
"Fairfield County, Connecticut","0500000US09001","943823","484161","1439","91079","79117","93937","09","001"
"Hartford County, Connecticut","0500000US09003","892697","458331","1095","73151","63839","71792","09","003"
"Litchfield County, Connecticut","0500000US09005","181111","91457","1012","76043","12395","13284","09","005"
"Middlesex County, Connecticut","0500000US09007","162682","84286","1167","89131","14010","12664","09","007"
"New Haven County, Connecticut","0500000US09009","857620","444677","1150","67845","51889","58542","09","009"
"New London County, Connecticut","0500000US09011","266784","133199","1115","67197","17380","18939","09","011"
"Tolland County, Connecticut","0500000US09013","150921","75798","1183","91646","11858","12024","09","013"
"Windham County, Connecticut","0500000US09015","117027","60223","954","65765","5852","6506","09","015"
"Kent County, Delaware","0500000US10001","178550","92745","1017","54419","7695","8538","10","001"
"New Castle County, Delaware","0500000US10003","559335","288219","1156","69479","38348","42403","10","003"
"Sussex County, Delaware","0500000US10005","229286","118283","1052","60277","14237","12957","10","005"
"District of Columbia, District of Columbia","0500000US11001","702455","368247","1516","85203","62807","66975","11","001"
"Alachua County, Florida","0500000US12001","269956","138527","1027","51241","18820","21207","12","001"
"Bay County, Florida","0500000US12005","185287","93435","1073","52107","9681","10021","12","005"
"Brevard County, Florida","0500000US12009","596849","307238","1074","57888","42660","44297","12","009"
"Broward County, Florida","0500000US12011","1951260","1000406","1372","57278","129278","144209","12","011"
"Charlotte County, Florida","0500000US12015","184998","94858","1050","52927","9524","12082","12","015"
"Citrus County, Florida","0500000US12017","147929","75825","880","39964","7803","6377","12","017"
"Clay County, Florida","0500000US12019","216072","108008","1118","61825","13809","12315","12","019"
"Collier County, Florida","0500000US12021","378488","193188","1257","69867","33093","32208","12","021"
"Columbia County, Florida","0500000US12023","70503","34948","850","48848","1312","2606","12","023"
"Duval County, Florida","0500000US12031","950181","490265","1082","55832","60279","66008","12","031"
"Escambia County, Florida","0500000US12033","315534","158537","965","51050","19353","17750","12","033"
"Flagler County, Florida","0500000US12035","112067","58544","1176","58963","5837","6926","12","035"
"Hernando County, Florida","0500000US12053","190865","99471","954","45977","8048","9013","12","053"
"Highlands County, Florida","0500000US12055","105424","54561","794","39796","3695","5030","12","055"
"Hillsborough County, Florida","0500000US12057","1436888","734080","1161","58480","102410","110248","12","057"
"Indian River County, Florida","0500000US12061","157413","80872","939","57508","9653","13825","12","061"
"Lake County, Florida","0500000US12069","356495","185061","1028","52096","17906","22930","12","069"
"Lee County, Florida","0500000US12071","754610","384718","1190","56129","49464","55068","12","071"
"Leon County, Florida","0500000US12073","292502","154094","976","50682","18005","24807","12","073"
"Manatee County, Florida","0500000US12081","394855","203571","1186","59956","23106","26851","12","081"
"Marion County, Florida","0500000US12083","359977","188624","901","44576","15642","19840","12","083"
"Martin County, Florida","0500000US12085","160912","81805","1166","59978","12434","14200","12","085"
"Miami-Dade County, Florida","0500000US12086","2761581","1421883","1349","52205","181693","209754","12","086"
"Monroe County, Florida","0500000US12087","75027","36536","1691","71973","5530","6145","12","087"
"Nassau County, Florida","0500000US12089","85832","43134","923","63913","5128","5814","12","089"
"Okaloosa County, Florida","0500000US12091","207269","102955","1124","63997","11747","12844","12","091"
"Orange County, Florida","0500000US12095","1380645","702756","1219","58588","99082","118107","12","095"
"Osceola County, Florida","0500000US12097","367990","188835","1296","50546","15584","22686","12","097"
"Palm Beach County, Florida","0500000US12099","1485941","766350","1369","61691","116496","131002","12","099"
"Pasco County, Florida","0500000US12101","539630","277800","1075","54208","28339","36364","12","101"
"Pinellas County, Florida","0500000US12103","975280","507513","1119","52198","75101","81548","12","103"
"Polk County, Florida","0500000US12105","708009","360926","961","51670","29396","33863","12","105"
"Putnam County, Florida","0500000US12107","74163","37549","736","41608","2018","2300","12","107"
"St. Johns County, Florida","0500000US12109","254261","129826","1200","80712","23440","26137","12","109"
"St. Lucie County, Florida","0500000US12111","321128","165225","1297","54098","16360","16345","12","111"
"Santa Rosa County, Florida","0500000US12113","179349","87501","1125","70787","12225","11164","12","113"
"Sarasota County, Florida","0500000US12115","426718","222840","1359","61683","35361","35219","12","115"
"Seminole County, Florida","0500000US12117","467832","241877","1244","67470","40273","44489","12","117"
"Sumter County, Florida","0500000US12119","128754","64634","912","53895","10825","8717","12","119"
"Volusia County, Florida","0500000US12127","547538","280284","1014","50361","32446","35268","12","127"
"Walton County, Florida","0500000US12131","71375","36741","878","62914","5177","6789","12","131"
"Barrow County, Georgia","0500000US13013","80809","40892","938","61225","3928","3049","13","013"
"Bartow County, Georgia","0500000US13015","106408","54259","876","57380","3790","4354","13","015"
"Bibb County, Georgia","0500000US13021","153095","80098","809","40495","6667","8592","13","021"
"Bulloch County, Georgia","0500000US13031","77296","39064","779","44179","3525","2939","13","031"
"Carroll County, Georgia","0500000US13045","118121","59884","874","51545","4297","6047","13","045"
"Catoosa County, Georgia","0500000US13047","67420","33979","741","56364","3998","2046","13","047"
"Chatham County, Georgia","0500000US13051","289195","150195","1060","55308","17012","20327","13","051"
"Cherokee County, Georgia","0500000US13057","254149","128862","1262","82069","25043","22888","13","057"
"Clarke County, Georgia","0500000US13059","127330","66208","844","42232","7888","8058","13","059"
"Clayton County, Georgia","0500000US13063","289615","154498","979","46646","9170","16618","13","063"
"Cobb County, Georgia","0500000US13067","756865","389924","1236","78894","76567","82130","13","067"
"Columbia County, Georgia","0500000US13073","154291","79186","1203","82024","9295","13247","13","073"
"Coweta County, Georgia","0500000US13077","145864","72824","1131","69240","10144","12175","13","077"
"DeKalb County, Georgia","0500000US13089","756558","399615","1172","64461","62812","74614","13","089"
"Dougherty County, Georgia","0500000US13095","91243","49206","738","39659","2467","3768","13","095"
"Douglas County, Georgia","0500000US13097","145331","75945","1074","60829","6971","9297","13","097"
"Fayette County, Georgia","0500000US13113","113459","58079","1227","93468","10174","10582","13","113"
"Floyd County, Georgia","0500000US13115","97927","51872","707","38462","3800","2737","13","115"
"Forsyth County, Georgia","0500000US13117","236612","119263","1393","104687","26431","26088","13","117"
"Fulton County, Georgia","0500000US13121","1050114","541235","1230","70930","102459","124605","13","121"
"Glynn County, Georgia","0500000US13127","85219","46441","974","55196","6195","5202","13","127"
"Gwinnett County, Georgia","0500000US13135","927781","475474","1309","72184","65799","71505","13","135"
"Hall County, Georgia","0500000US13139","202148","101823","984","61699","9969","10563","13","139"
"Henry County, Georgia","0500000US13151","230220","120932","1140","73541","12578","14785","13","151"
"Houston County, Georgia","0500000US13153","155469","77929","898","58965","9614","9532","13","153"
"Jackson County, Georgia","0500000US13157","70422","35660","770","73150","3564","3282","13","157"
"Lowndes County, Georgia","0500000US13185","116321","60786","782","34886","3735","5209","13","185"
"Muscogee County, Georgia","0500000US13215","194160","99490","859","47288","8185","9372","13","215"
"Newton County, Georgia","0500000US13217","109541","57247","1132","57344","3515","6443","13","217"
"Paulding County, Georgia","0500000US13223","164044","84051","1133","73084","7893","10876","13","223"
"Richmond County, Georgia","0500000US13245","201554","105450","870","39413","8676","9398","13","245"
"Rockdale County, Georgia","0500000US13247","90594","47832","1115","61222","5530","6021","13","247"
"Spalding County, Georgia","0500000US13255","66100","34219","913","42920","2097","3403","13","255"
"Troup County, Georgia","0500000US13285","70034","37072","860","44260","1945","2521","13","285"
"Walker County, Georgia","0500000US13295","69410","34443","751","42609","2302","3387","13","295"
"Walton County, Georgia","0500000US13297","93503","48576","971","66640","2925","4233","13","297"
"Whitfield County, Georgia","0500000US13313","104062","52441","706","45028","3998","3570","13","313"
"Hawaii County, Hawaii","0500000US15001","200983","102013","1126","57571","11744","15515","15","001"
"Honolulu County, Hawaii","0500000US15003","980080","487167","1726","84423","73762","83554","15","003"
"Kauai County, Hawaii","0500000US15007","72133","35650","1346","80921","5866","5618","15","007"
"Maui County, Hawaii","0500000US15009","167218","84936","1669","82885","11365","11387","15","009"
"Ada County, Idaho","0500000US16001","469966","234070","991","66405","39646","44661","16","001"
"Bannock County, Idaho","0500000US16005","87138","43619","695","50748","4261","5891","16","005"
"Bonneville County, Idaho","0500000US16019","116854","58016","817","58729","6521","8141","16","019"
"Canyon County, Idaho","0500000US16027","223499","112700","863","53374","7793","9562","16","027"
"Kootenai County, Idaho","0500000US16055","161505","82414","1001","55236","8121","10723","16","055"
"Twin Falls County, Idaho","0500000US16083","86081","42711","769","51196","2637","3795","16","083"
"Adams County, Illinois","0500000US17001","65691","33030","748","56699","3935","4900","17","001"
"Champaign County, Illinois","0500000US17019","209983","104723","815","52725","12238","14080","17","019"
"Cook County, Illinois","0500000US17031","5180493","2664027","1113","63353","391731","434143","17","031"
"DeKalb County, Illinois","0500000US17037","104143","53240","890","63085","7037","7667","17","037"
"DuPage County, Illinois","0500000US17043","928589","471873","1287","93750","96639","99085","17","043"
"Kane County, Illinois","0500000US17089","534216","267892","1155","79818","34912","37145","17","089"
"Kankakee County, Illinois","0500000US17091","110024","55256","864","51404","4655","4055","17","091"
"Kendall County, Illinois","0500000US17093","127915","65514","1555","89862","8938","8261","17","093"
"Lake County, Illinois","0500000US17097","700832","350345","1199","87133","56219","65467","17","097"
"LaSalle County, Illinois","0500000US17099","109430","54188","714","51838","4401","5100","17","099"
"McHenry County, Illinois","0500000US17111","308570","154613","1188","85275","22476","26011","17","111"
"McLean County, Illinois","0500000US17113","172828","88539","834","66256","14850","14629","17","113"
"Macon County, Illinois","0500000US17115","104712","54433","719","50066","4876","5342","17","115"
"Madison County, Illinois","0500000US17119","264461","135318","816","59987","14189","15708","17","119"
"Peoria County, Illinois","0500000US17143","180621","92803","799","56138","9985","13649","17","143"
"Rock Island County, Illinois","0500000US17161","143477","74204","791","52148","7064","8936","17","161"
"St. Clair County, Illinois","0500000US17163","261059","134107","845","59141","15236","15807","17","163"
"Sangamon County, Illinois","0500000US17167","195348","100527","838","61997","12794","15522","17","167"
"Tazewell County, Illinois","0500000US17179","132328","67322","743","60857","7230","8707","17","179"
"Vermilion County, Illinois","0500000US17183","76806","38491","675","43655","2002","3269","17","183"
"Will County, Illinois","0500000US17197","692310","348325","1160","85818","48890","50629","17","197"
"Williamson County, Illinois","0500000US17199","67056","33066","667","43568","3830","2541","17","199"
"Winnebago County, Illinois","0500000US17201","284081","145172","797","53345","12461","12928","17","201"
"Allen County, Indiana","0500000US18003","375351","191335","767","54260","21694","24104","18","003"
"Bartholomew County, Indiana","0500000US18005","82753","41591","912","62047","5332","6005","18","005"
"Boone County, Indiana","0500000US18011","66999","33732","988","81145","6332","6796","18","011"
"Clark County, Indiana","0500000US18019","117360","60521","828","56307","5651","6063","18","019"
"Delaware County, Indiana","0500000US18035","114772","59410","750","41662","4539","4895","18","035"
"Elkhart County, Indiana","0500000US18039","205560","104128","804","58350","8476","8748","18","039"
"Floyd County, Indiana","0500000US18043","77781","40137","802","66391","5657","4964","18","043"
"Grant County, Indiana","0500000US18053","65936","34722","651","44839","1292","2242","18","053"
"Hamilton County, Indiana","0500000US18057","330086","169204","1189","100209","36781","39448","18","057"
"Hancock County, Indiana","0500000US18059","76351","38950","883","71653","5296","6385","18","059"
"Hendricks County, Indiana","0500000US18063","167009","83570","1039","80582","14835","13195","18","063"
"Howard County, Indiana","0500000US18067","82366","42691","693","55868","3602","4912","18","067"
"Johnson County, Indiana","0500000US18081","156225","80104","890","68209","11170","11013","18","081"
"Kosciusko County, Indiana","0500000US18085","79344","39718","808","55253","3075","3882","18","085"
"Lake County, Indiana","0500000US18089","484411","249727","872","55154","21993","26961","18","089"
"LaPorte County, Indiana","0500000US18091","110007","51811","749","51584","4292","5782","18","091"
"Madison County, Indiana","0500000US18095","129641","65430","776","49615","4711","6719","18","095"
"Marion County, Indiana","0500000US18097","954670","495521","882","47780","64288","66821","18","097"
"Monroe County, Indiana","0500000US18105","146917","74798","895","47369","10967","9751","18","105"
"Morgan County, Indiana","0500000US18109","70116","35145","808","68338","2760","3055","18","109"
"Porter County, Indiana","0500000US18127","169594","85410","951","66476","9801","10147","18","127"
"St. Joseph County, Indiana","0500000US18141","270771","138967","795","54434","14376","19115","18","141"
"Tippecanoe County, Indiana","0500000US18157","193048","94061","842","50256","11546","13064","18","157"
"Vanderburgh County, Indiana","0500000US18163","180974","92669","778","50325","9995","11736","18","163"
"Vigo County, Indiana","0500000US18167","107386","52831","732","48961","5057","5102","18","167"
"Wayne County, Indiana","0500000US18177","65936","34484","652","44928","2374","2707","18","177"
"Black Hawk County, Iowa","0500000US19013","132408","67277","777","51920","8514","7679","19","013"
"Dallas County, Iowa","0500000US19049","90180","46048","1053","83990","8126","10653","19","049"
"Dubuque County, Iowa","0500000US19061","96854","48978","739","60225","5812","6948","19","061"
"Johnson County, Iowa","0500000US19103","151260","75582","983","63035","9307","13296","19","103"
"Linn County, Iowa","0500000US19113","225909","114334","713","64103","17418","19013","19","113"
"Polk County, Iowa","0500000US19153","487204","246722","883","68291","43325","44168","19","153"
"Pottawattamie County, Iowa","0500000US19155","93533","47818","848","55376","4279","4941","19","155"
"Scott County, Iowa","0500000US19163","173283","88190","794","58175","11943","14097","19","163"
"Story County, Iowa","0500000US19169","98105","47882","871","54586","7163","7693","19","169"
"Woodbury County, Iowa","0500000US19193","102539","51405","801","61516","4984","5720","19","193"
"Butler County, Kansas","0500000US20015","66765","32969","888","64898","3885","4471","20","015"
"Douglas County, Kansas","0500000US20045","121436","61526","968","54668","8638","10579","20","045"
"Johnson County, Kansas","0500000US20091","597555","303471","1109","86746","68580","70692","20","091"
"Leavenworth County, Kansas","0500000US20103","81352","38037","968","71071","4979","5261","20","103"
"Riley County, Kansas","0500000US20161","73703","34985","887","44697","4453","5013","20","161"
"Sedgwick County, Kansas","0500000US20173","513607","259061","788","55882","31706","33642","20","173"
"Shawnee County, Kansas","0500000US20177","177499","91043","843","52104","10729","13564","20","177"
"Wyandotte County, Kansas","0500000US20209","165324","83459","909","47285","5909","6608","20","209"
"Boone County, Kentucky","0500000US21015","131533","65593","979","77429","8052","10021","21","015"
"Bullitt County, Kentucky","0500000US21029","81069","40539","791","58119","2703","3163","21","029"
"Campbell County, Kentucky","0500000US21037","93152","48146","844","59524","6204","8176","21","037"
"Christian County, Kentucky","0500000US21047","71671","34671","857","38448","2703","2197","21","047"
"Daviess County, Kentucky","0500000US21059","101104","51629","775","50934","4846","4458","21","059"
"Fayette County, Kentucky","0500000US21067","323780","165622","915","54896","25277","26575","21","067"
"Hardin County, Kentucky","0500000US21093","110356","54538","816","50981","4529","4313","21","093"
"Jefferson County, Kentucky","0500000US21111","770517","398170","874","55851","53491","55249","21","111"
"Kenton County, Kentucky","0500000US21117","166051","84274","880","64441","13467","9952","21","117"
"McCracken County, Kentucky","0500000US21145","65346","34530","766","47764","3153","4357","21","145"
"Madison County, Kentucky","0500000US21151","92368","47147","744","52047","5822","4611","21","151"
"Oldham County, Kentucky","0500000US21185","66470","31721","807","102033","5664","5249","21","185"
"Warren County, Kentucky","0500000US21227","131264","66578","824","53601","7166","7825","21","227"
"Ascension Parish, Louisiana","0500000US22005","124672","63415","879","79495","6808","8620","22","005"
"Bossier Parish, Louisiana","0500000US22015","127185","65050","882","55922","7821","9457","22","015"
"Caddo Parish, Louisiana","0500000US22017","242922","128151","805","39077","10387","11810","22","017"
"Calcasieu Parish, Louisiana","0500000US22019","203112","105028","824","49113","8199","12040","22","019"
"East Baton Rouge Parish, Louisiana","0500000US22033","440956","230235","917","52947","26447","34477","22","033"
"Iberia Parish, Louisiana","0500000US22045","70941","36832","677","42994","2322","2933","22","045"
"Jefferson Parish, Louisiana","0500000US22051","434051","224080","947","50766","28117","31117","22","051"
"Lafayette Parish, Louisiana","0500000US22055","242782","124992","877","60071","15417","19505","22","055"
"Lafourche Parish, Louisiana","0500000US22057","98115","50927","810","50296","3012","4276","22","057"
"Livingston Parish, Louisiana","0500000US22063","139567","70989","988","64067","4910","9077","22","063"
"Orleans Parish, Louisiana","0500000US22071","391006","205751","993","38423","27819","32132","22","071"
"Ouachita Parish, Louisiana","0500000US22073","154475","79919","766","44059","7581","7729","22","073"
"Rapides Parish, Louisiana","0500000US22079","130562","66774","819","49175","6085","5660","22","079"
"St. Landry Parish, Louisiana","0500000US22097","82764","42495","621","32867","2206","2429","22","097"
"St. Tammany Parish, Louisiana","0500000US22103","258111","131854","1104","65392","19063","20730","22","103"
"Tangipahoa Parish, Louisiana","0500000US22105","133777","68626","822","48205","4860","6743","22","105"
"Terrebonne Parish, Louisiana","0500000US22109","111021","57707","821","52820","2919","4624","22","109"
"Androscoggin County, Maine","0500000US23001","107679","54590","774","49697","4942","5544","23","001"
"Aroostook County, Maine","0500000US23003","67111","34244","537","38233","3066","3959","23","003"
"Cumberland County, Maine","0500000US23005","293557","150719","1132","72452","30357","33488","23","005"
"Kennebec County, Maine","0500000US23011","122083","62826","728","51653","6545","8569","23","011"
"Penobscot County, Maine","0500000US23019","151096","75996","739","47217","8409","10964","23","019"
"York County, Maine","0500000US23031","206229","106066","974","66614","15188","17297","23","031"
"Allegany County, Maryland","0500000US24001","70975","33034","662","42068","2641","2817","24","001"
"Anne Arundel County, Maryland","0500000US24003","576031","290487","1595","97814","47256","50482","24","003"
"Baltimore County, Maryland","0500000US24005","828431","435695","1255","76182","58930","73515","24","005"
"Calvert County, Maryland","0500000US24009","92003","45782","1529","107884","5179","6897","24","009"
"Carroll County, Maryland","0500000US24013","168429","84869","1062","97430","12389","14436","24","013"
"Cecil County, Maryland","0500000US24015","102826","52031","1107","74452","5318","6544","24","015"
"Charles County, Maryland","0500000US24017","161503","83998","1694","94368","9071","12518","24","017"
"Frederick County, Maryland","0500000US24021","255648","129105","1443","95850","18920","21602","24","021"
"Harford County, Maryland","0500000US24025","253956","129787","1221","88603","18045","19243","24","025"
"Howard County, Maryland","0500000US24027","323196","165605","1657","116984","35562","33930","24","027"
"Montgomery County, Maryland","0500000US24031","1052567","543187","1746","108188","89034","105411","24","031"
"Prince George's County, Maryland","0500000US24033","909308","471683","1459","83034","54857","64840","24","033"
"St. Mary's County, Maryland","0500000US24037","112664","57141","1266","92250","8218","6860","24","037"
"Washington County, Maryland","0500000US24043","150926","73006","949","63126","6841","7662","24","043"
"Wicomico County, Maryland","0500000US24045","103195","54450","988","57249","4687","4625","24","045"
"Baltimore city, Maryland","0500000US24510","602495","319818","1057","51000","32700","37162","24","510"
"Barnstable County, Massachusetts","0500000US25001","213413","112230","1232","68902","17027","20670","25","001"
"Berkshire County, Massachusetts","0500000US25003","126348","64849","894","60476","7816","11077","25","003"
"Bristol County, Massachusetts","0500000US25005","564022","290908","895","66205","31022","38942","25","005"
"Essex County, Massachusetts","0500000US25009","790638","408769","1278","76604","62310","67550","25","009"
"Franklin County, Massachusetts","0500000US25011","70963","36562","889","59248","5257","6944","25","011"
"Hampden County, Massachusetts","0500000US25013","470406","242956","885","52372","25478","30207","25","013"
"Hampshire County, Massachusetts","0500000US25015","161355","86258","1103","76966","8777","13588","25","015"
"Middlesex County, Massachusetts","0500000US25017","1614714","824377","1676","100517","156271","165871","25","017"
"Norfolk County, Massachusetts","0500000US25021","705388","366553","1556","100356","62833","74526","25","021"
"Plymouth County, Massachusetts","0500000US25023","518132","265426","1296","90484","41016","47876","25","023"
"Suffolk County, Massachusetts","0500000US25025","807252","416790","1629","69985","71292","75277","25","025"
"Worcester County, Massachusetts","0500000US25027","830839","421001","1068","71853","62621","68972","25","027"
"Allegan County, Michigan","0500000US26005","117327","59174","872","61353","4398","6870","26","005"
"Bay County, Michigan","0500000US26017","103923","52632","649","50606","4184","4995","26","017"
"Berrien County, Michigan","0500000US26021","154141","78735","686","51262","10169","10333","26","021"
"Calhoun County, Michigan","0500000US26025","134487","68361","781","47204","6161","7337","26","025"
"Clinton County, Michigan","0500000US26037","79332","40198","838","69522","4807","6103","26","037"
"Eaton County, Michigan","0500000US26045","109826","55436","863","67195","7211","7356","26","045"
"Genesee County, Michigan","0500000US26049","406892","210924","747","48127","17022","22695","26","049"
"Grand Traverse County, Michigan","0500000US26055","92573","46432","956","66163","7775","7353","26","055"
"Ingham County, Michigan","0500000US26065","292735","150272","868","52691","18754","19616","26","065"
"Isabella County, Michigan","0500000US26073","70562","36250","744","46198","2795","3271","26","073"
"Jackson County, Michigan","0500000US26075","158823","77774","805","51031","7694","7668","26","075"
"Kalamazoo County, Michigan","0500000US26077","264870","133900","818","55416","18372","20851","26","077"
"Kent County, Michigan","0500000US26081","653786","331853","893","61537","51153","53723","26","081"
"Lapeer County, Michigan","0500000US26087","88028","43246","763","65561","3063","4218","26","087"
"Lenawee County, Michigan","0500000US26091","98266","48756","783","55378","4412","5923","26","091"
"Livingston County, Michigan","0500000US26093","191224","95301","1056","82884","15206","15164","26","093"
"Macomb County, Michigan","0500000US26099","874759","449036","933","62107","49649","50805","26","099"
"Marquette County, Michigan","0500000US26103","66516","33293","784","54779","5426","4357","26","103"
"Midland County, Michigan","0500000US26111","83209","42572","700","56091","4122","6207","26","111"
"Monroe County, Michigan","0500000US26115","150439","76016","848","61916","6747","9072","26","115"
"Muskegon County, Michigan","0500000US26121","173588","86397","751","50080","6821","8910","26","121"
"Oakland County, Michigan","0500000US26125","1259201","642364","1033","80193","117026","125429","26","125"
"Ottawa County, Michigan","0500000US26139","290494","146902","871","69952","21561","20281","26","139"
"Saginaw County, Michigan","0500000US26145","190800","97407","747","48990","7332","9522","26","145"
"St. Clair County, Michigan","0500000US26147","159337","79757","803","56441","6700","7174","26","147"
"Shiawassee County, Michigan","0500000US26155","68192","34588","684","54456","2489","3005","26","155"
"Van Buren County, Michigan","0500000US26159","75448","37643","752","59295","3381","3555","26","159"
"Washtenaw County, Michigan","0500000US26161","370963","186693","1116","71860","28312","34904","26","161"
"Wayne County, Michigan","0500000US26163","1753893","908952","873","46390","81887","97281","26","163"
"Anoka County, Minnesota","0500000US27003","353813","177036","1125","82492","24418","30695","27","003"
"Blue Earth County, Minnesota","0500000US27013","67427","33998","856","58616","4210","4761","27","013"
"Carver County, Minnesota","0500000US27019","103551","52915","1139","100324","10718","11428","27","019"
"Dakota County, Minnesota","0500000US27037","425423","216643","1163","86302","45258","42595","27","037"
"Hennepin County, Minnesota","0500000US27053","1259428","636108","1139","76052","135212","147322","27","053"
"Olmsted County, Minnesota","0500000US27109","156277","79758","975","75327","12576","14719","27","109"
"Ramsey County, Minnesota","0500000US27123","550210","281474","981","62919","45864","50271","27","123"
"Rice County, Minnesota","0500000US27131","66523","32327","853","65839","3821","4542","27","131"
"St. Louis County, Minnesota","0500000US27137","199754","99917","777","53550","12233","13623","27","137"
"Scott County, Minnesota","0500000US27139","147381","74829","1120","100963","13485","13122","27","139"
"Sherburne County, Minnesota","0500000US27141","96036","46565","1027","80643","5378","6995","27","141"
"Stearns County, Minnesota","0500000US27145","159256","79117","819","60669","8986","9544","27","145"
"Washington County, Minnesota","0500000US27163","259201","130899","1287","95124","24313","27445","27","163"
"Wright County, Minnesota","0500000US27171","136349","66839","948","88359","7944","8589","27","171"
"DeSoto County, Mississippi","0500000US28033","182001","94057","1029","68385","8884","13268","28","033"
"Forrest County, Mississippi","0500000US28035","75036","38105","808","38837","2969","5155","28","035"
"Harrison County, Mississippi","0500000US28047","206650","104997","849","45042","7530","11302","28","047"
"Hinds County, Mississippi","0500000US28049","237085","126597","852","45459","10658","18397","28","049"
"Jackson County, Mississippi","0500000US28059","143277","72240","828","50546","7270","6521","28","059"
"Jones County, Mississippi","0500000US28067","68461","35599","700","49393","2921","3365","28","067"
"Lauderdale County, Mississippi","0500000US28075","75317","39216","778","37971","2897","3153","28","075"
"Lee County, Mississippi","0500000US28081","85202","44149","829","53062","4943","4141","28","081"
"Madison County, Mississippi","0500000US28089","105630","55511","958","75992","9345","12066","28","089"
"Rankin County, Mississippi","0500000US28121","153902","79286","1044","66480","8939","9894","28","121"
"Boone County, Missouri","0500000US29019","180005","92371","878","54356","12746","15212","29","019"
"Buchanan County, Missouri","0500000US29021","88571","43465","760","55020","4751","4990","29","021"
"Cape Girardeau County, Missouri","0500000US29031","78753","40598","778","49844","4973","4661","29","031"
"Cass County, Missouri","0500000US29037","104954","54368","979","71114","6417","6441","29","037"
"Christian County, Missouri","0500000US29043","86983","44322","791","56717","4507","4924","29","043"
"Clay County, Missouri","0500000US29047","246365","126196","945","68269","17585","19439","29","047"
"Cole County, Missouri","0500000US29051","76796","38226","628","63568","6222","6318","29","051"
"Franklin County, Missouri","0500000US29071","103670","51423","651","58209","4051","5261","29","071"
"Greene County, Missouri","0500000US29077","291923","150991","747","43771","15171","18338","29","077"
"Jackson County, Missouri","0500000US29095","700307","362132","921","55929","47019","49266","29","095"
"Jasper County, Missouri","0500000US29097","120636","61576","768","46617","6431","6965","29","097"
"Jefferson County, Missouri","0500000US29099","224347","112768","830","65246","11208","11462","29","099"
"Platte County, Missouri","0500000US29165","102985","52208","1039","80468","8679","9633","29","165"
"St. Charles County, Missouri","0500000US29183","399182","202660","1018","81663","33969","33032","29","183"
"St. Francois County, Missouri","0500000US29187","66692","32058","642","46796","1670","1911","29","187"
"St. Louis County, Missouri","0500000US29189","996945","524592","966","66778","82362","89837","29","189"
"St. Louis city, Missouri","0500000US29510","302838","155916","830","43889","23330","22310","29","510"
"Cascade County, Montana","0500000US30013","81643","40013","793","49948","4523","4331","30","013"
"Flathead County, Montana","0500000US30029","102106","51050","937","53193","7880","7385","30","029"
"Gallatin County, Montana","0500000US30031","111876","54064","1105","68266","10555","11144","30","031"
"Lewis and Clark County, Montana","0500000US30049","68700","34846","820","65241","5382","5481","30","049"
"Missoula County, Montana","0500000US30063","118791","59706","857","56598","8841","10422","30","063"
"Yellowstone County, Montana","0500000US30111","160137","81235","887","60079","12270","13961","30","111"
"Douglas County, Nebraska","0500000US31055","566880","287349","919","64390","45793","49508","31","055"
"Lancaster County, Nebraska","0500000US31109","317272","157851","844","57650","25580","26456","31","109"
"Sarpy County, Nebraska","0500000US31153","184459","92117","979","77941","13336","15693","31","153"
"Clark County, Nevada","0500000US32003","2231647","1119029","1130","57076","120228","126492","32","003"
"Washoe County, Nevada","0500000US32031","465735","231081","1097","63310","31932","30368","32","031"
"Cheshire County, New Hampshire","0500000US33005","76493","39569","900","59186","4975","6183","33","005"
"Grafton County, New Hampshire","0500000US33009","89786","46037","1079","66358","6141","7855","33","009"
"Hillsborough County, New Hampshire","0500000US33011","415247","209583","1165","78978","34504","36281","33","011"
"Merrimack County, New Hampshire","0500000US33013","151132","77120","1012","75088","9737","10170","33","013"
"Rockingham County, New Hampshire","0500000US33015","309176","156211","1195","95160","28098","29790","33","015"
"Strafford County, New Hampshire","0500000US33017","130090","67016","1075","71528","10060","10437","33","017"
"Atlantic County, New Jersey","0500000US34001","265429","135796","1063","61212","15297","18008","34","001"
"Bergen County, New Jersey","0500000US34003","936692","482063","1459","100361","94899","109473","34","003"
"Burlington County, New Jersey","0500000US34005","445384","226939","1313","84889","35553","40954","34","005"
"Camden County, New Jersey","0500000US34007","507078","264064","1093","67523","29900","37863","34","007"
"Cape May County, New Jersey","0500000US34009","92560","46625","1107","67007","7781","8422","34","009"
"Cumberland County, New Jersey","0500000US34011","150972","73705","1054","52795","4234","5854","34","011"
"Essex County, New Jersey","0500000US34013","799767","414802","1187","63368","50944","63435","34","013"
"Gloucester County, New Jersey","0500000US34015","291408","150721","1281","81849","19882","24017","34","015"
"Hudson County, New Jersey","0500000US34017","676061","339964","1419","74414","66470","68800","34","017"
"Hunterdon County, New Jersey","0500000US34019","124714","62694","1372","111269","12941","15332","34","019"
"Mercer County, New Jersey","0500000US34021","369811","189214","1264","80632","24523","30311","34","021"
"Middlesex County, New Jersey","0500000US34023","829685","419901","1467","88217","70520","81668","34","023"
"Monmouth County, New Jersey","0500000US34025","621354","318711","1402","99642","63679","66216","34","025"
"Morris County, New Jersey","0500000US34027","494228","252609","1591","112288","53661","56593","34","027"
"Ocean County, New Jersey","0500000US34029","601651","311466","1435","68551","38598","46267","34","029"
"Passaic County, New Jersey","0500000US34031","503310","257658","1281","75259","31795","34945","34","031"
"Salem County, New Jersey","0500000US34033","62607","31788","1144","65733","3040","4269","34","033"
"Somerset County, New Jersey","0500000US34035","331164","169228","1624","121378","34285","37069","34","035"
"Sussex County, New Jersey","0500000US34037","140799","70613","1344","92818","12281","12920","34","037"
"Union County, New Jersey","0500000US34039","558067","285795","1306","82186","39021","46832","34","039"
"Warren County, New Jersey","0500000US34041","105779","53778","1138","77452","7386","9383","34","041"
"Bernalillo County, New Mexico","0500000US35001","678701","345451","870","51208","41352","47507","35","001"
"Chaves County, New Mexico","0500000US35005","64689","32435","783","43941","2205","2106","35","005"
"Doña Ana County, New Mexico","0500000US35013","217522","110559","678","35262","12018","12228","35","013"
"Lea County, New Mexico","0500000US35025","69611","33913","862","50871","1425","1216","35","025"
"McKinley County, New Mexico","0500000US35031","72290","37765","644","34080","1320","1364","35","031"
"Otero County, New Mexico","0500000US35035","66781","31899","866","42591","2974","2848","35","035"
"Sandoval County, New Mexico","0500000US35043","145179","74014","1008","54338","10287","10282","35","043"
"San Juan County, New Mexico","0500000US35045","125043","63364","852","44841","2458","5112","35","045"
"Santa Fe County, New Mexico","0500000US35049","150056","77277","1076","60193","9485","11778","35","049"
"Valencia County, New Mexico","0500000US35061","76456","37322","822","46493","2792","3062","35","061"
"Albany County, New York","0500000US36001","307117","157438","993","64435","20761","20333","36","001"
"Bronx County, New York","0500000US36005","1432132","758181","1188","38467","53635","71696","36","005"
"Broome County, New York","0500000US36007","191659","98509","761","51125","10646","9629","36","007"
"Cattaraugus County, New York","0500000US36009","76840","38773","688","48179","2374","2783","36","009"
"Cayuga County, New York","0500000US36011","77145","37381","767","52376","3249","3960","36","011"
"Chautauqua County, New York","0500000US36013","127939","64125","646","45479","4592","6227","36","013"
"Chemung County, New York","0500000US36015","84254","43507","794","53005","3674","3311","36","015"
"Clinton County, New York","0500000US36019","80695","38337","827","56704","4007","2997","36","019"
"Dutchess County, New York","0500000US36027","293718","147562","1229","80227","19635","20440","36","027"
"Erie County, New York","0500000US36029","919719","474872","836","56369","63429","66328","36","029"
"Jefferson County, New York","0500000US36045","111755","53026","958","53146","5185","4395","36","045"
"Kings County, New York","0500000US36047","2582830","1359552","1433","61220","191200","224454","36","047"
"Livingston County, New York","0500000US36051","63227","31199","807","61609","2960","2953","36","051"
"Madison County, New York","0500000US36053","70795","35976","760","59678","3350","3076","36","053"
"Monroe County, New York","0500000US36055","742474","384327","919","60222","56819","54879","36","055"
"Nassau County, New York","0500000US36059","1358343","696701","1806","116304","120937","117977","36","059"
"New York County, New York","0500000US36061","1628701","858339","1746","85066","186278","215291","36","061"
"Niagara County, New York","0500000US36063","210433","107690","684","55306","10188","10529","36","063"
"Oneida County, New York","0500000US36065","229577","115590","758","54593","12486","10115","36","065"
"Onondaga County, New York","0500000US36067","461809","239073","848","59883","30293","29646","36","067"
"Ontario County, New York","0500000US36069","109864","56135","891","62522","7745","8301","36","069"
"Orange County, New York","0500000US36071","381951","189922","1243","75825","21214","22965","36","071"
"Oswego County, New York","0500000US36075","117898","58676","764","54264","4978","4396","36","075"
"Putnam County, New York","0500000US36079","98892","49364","1350","102525","8742","7442","36","079"
"Queens County, New York","0500000US36081","2278906","1173329","1588","69320","162097","183891","36","081"
"Rensselaer County, New York","0500000US36083","159442","80676","977","71648","10200","11198","36","083"
"Richmond County, New York","0500000US36085","476179","245414","1291","82166","35323","34557","36","085"
"Rockland County, New York","0500000US36087","325695","165465","1469","89812","23137","24069","36","087"
"St. Lawrence County, New York","0500000US36089","108047","52421","685","49681","3958","3996","36","089"
"Saratoga County, New York","0500000US36091","230163","116824","1119","83765","19113","19306","36","091"
"Schenectady County, New York","0500000US36093","155350","79138","972","64847","8566","9746","36","093"
"Steuben County, New York","0500000US36101","95796","47373","658","55569","3676","4277","36","101"
"Suffolk County, New York","0500000US36103","1481093","751314","1732","100468","103381","103174","36","103"
"Sullivan County, New York","0500000US36105","75498","36640","888","52274","3540","3299","36","105"
"Tompkins County, New York","0500000US36109","102793","51328","1153","57276","6471","6107","36","109"
"Ulster County, New York","0500000US36111","178599","90057","1163","63889","11455","11887","36","111"
"Warren County, New York","0500000US36113","64265","32358","876","56482","4152","3912","36","113"
"Wayne County, New York","0500000US36117","90064","45274","719","61515","4408","4756","36","117"
"Westchester County, New York","0500000US36119","967612","498775","1483","94811","73890","85153","36","119"
"Alamance County, North Carolina","0500000US37001","166436","87481","819","49979","9056","11814","37","001"
"Brunswick County, North Carolina","0500000US37019","136744","71424","1079","60496","10498","11969","37","019"
"Buncombe County, North Carolina","0500000US37021","259103","135328","973","53980","20749","27746","37","021"
"Burke County, North Carolina","0500000US37023","90382","45367","641","43663","2764","4547","37","023"
"Cabarrus County, North Carolina","0500000US37025","211342","107783","916","69679","13981","16367","37","025"
"Caldwell County, North Carolina","0500000US37027","82029","40549","626","42257","2318","3776","37","027"
"Carteret County, North Carolina","0500000US37031","69524","35299","879","54833","4470","5012","37","031"
"Catawba County, North Carolina","0500000US37035","158652","82041","739","53454","8598","10565","37","035"
"Chatham County, North Carolina","0500000US37037","73139","37918","925","74959","6107","6651","37","037"
"Cleveland County, North Carolina","0500000US37045","97645","50886","661","40690","2936","4979","37","045"
"Craven County, North Carolina","0500000US37049","102912","50424","926","50509","5483","5428","37","049"
"Cumberland County, North Carolina","0500000US37051","332330","168006","926","46716","16380","20663","37","051"
"Davidson County, North Carolina","0500000US37057","166614","85473","681","45320","7568","7885","37","057"
"Durham County, North Carolina","0500000US37063","316739","165316","1047","58073","24106","31974","37","063"
"Forsyth County, North Carolina","0500000US37067","379099","198670","789","49166","23037","29462","37","067"
"Franklin County, North Carolina","0500000US37069","67560","35136","910","60598","2890","4018","37","069"
"Gaston County, North Carolina","0500000US37071","222846","115637","861","52741","9676","12502","37","071"
"Guilford County, North Carolina","0500000US37081","533670","280885","872","51803","35610","48761","37","081"
"Harnett County, North Carolina","0500000US37085","134214","67376","875","51022","5480","6969","37","085"
"Henderson County, North Carolina","0500000US37089","116748","60418","725","53706","7738","9880","37","089"
"Iredell County, North Carolina","0500000US37097","178435","91051","836","59341","11950","12553","37","097"
"Johnston County, North Carolina","0500000US37101","202675","104562","886","60132","10163","10719","37","101"
"Lincoln County, North Carolina","0500000US37109","83770","42407","726","63782","4741","6315","37","109"
"Mecklenburg County, North Carolina","0500000US37119","1093901","567479","1162","63967","104425","116932","37","119"
"Moore County, North Carolina","0500000US37125","98682","50532","797","58531","7550","9026","37","125"
"Nash County, North Carolina","0500000US37127","94016","48127","784","51601","4323","6101","37","127"
"New Hanover County, North Carolina","0500000US37129","232274","120253","1064","52239","19643","26016","37","129"
"Onslow County, North Carolina","0500000US37133","197683","89096","995","50639","9359","8105","37","133"
"Orange County, North Carolina","0500000US37135","146027","79492","1093","72563","10839","13193","37","135"
"Pitt County, North Carolina","0500000US37147","179914","96101","714","42481","11304","12251","37","147"
"Randolph County, North Carolina","0500000US37151","143351","72792","678","47653","4946","7343","37","151"
"Robeson County, North Carolina","0500000US37155","131831","67667","627","35037","3264","4648","37","155"
"Rockingham County, North Carolina","0500000US37157","90690","46733","641","40688","3169","3385","37","157"
"Rowan County, North Carolina","0500000US37159","141262","69965","756","46035","5880","7431","37","159"
"Rutherford County, North Carolina","0500000US37161","66826","34843","717","43111","1572","3444","37","161"
"Surry County, North Carolina","0500000US37171","71948","36724","582","48398","3089","2998","37","171"
"Union County, North Carolina","0500000US37179","235908","120060","1020","80337","18541","21836","37","179"
"Wake County, North Carolina","0500000US37183","1092305","560697","1164","79970","119255","130169","37","183"
"Wayne County, North Carolina","0500000US37191","123248","62363","773","40791","3990","5975","37","191"
"Wilkes County, North Carolina","0500000US37193","68557","35297","617","43466","2327","3486","37","193"
"Wilson County, North Carolina","0500000US37195","81455","44188","736","42769","2968","5188","37","195"
"Burleigh County, North Dakota","0500000US38015","95273","47068","839","71172","7864","8409","38","015"
"Cass County, North Dakota","0500000US38017","181516","88361","823","62418","15819","18255","38","017"
"Grand Forks County, North Dakota","0500000US38035","70770","33323","835","52853","5362","4393","38","035"
"Ward County, North Dakota","0500000US38101","67744","31721","954","65719","4091","4920","38","101"
"Allen County, Ohio","0500000US39003","102663","50541","691","49063","3098","3627","39","003"
"Ashtabula County, Ohio","0500000US39007","97493","48181","682","46349","2579","4431","39","007"
"Athens County, Ohio","0500000US39009","65818","32499","769","36944","2153","2890","39","009"
"Belmont County, Ohio","0500000US39013","67505","32986","634","50250","2569","3563","39","013"
"Butler County, Ohio","0500000US39017","382378","194291","875","60589","21884","23996","39","017"
"Clark County, Ohio","0500000US39023","134585","69571","713","49875","5163","6757","39","023"
"Clermont County, Ohio","0500000US39025","205466","104651","851","64526","12032","12888","39","025"
"Columbiana County, Ohio","0500000US39029","102665","51076","603","43745","4120","4745","39","029"
"Cuyahoga County, Ohio","0500000US39035","1243857","650707","795","49910","82233","92659","39","035"
"Delaware County, Ohio","0500000US39041","204826","103805","1103","99881","23363","23246","39","041"
"Erie County, Ohio","0500000US39043","74615","37842","779","49751","3463","3996","39","043"
"Fairfield County, Ohio","0500000US39045","155782","77831","882","67144","10026","9729","39","045"
"Franklin County, Ohio","0500000US39049","1310300","670855","965","60373","109477","112161","39","049"
"Geauga County, Ohio","0500000US39055","94031","47307","853","82784","7127","8416","39","055"
"Greene County, Ohio","0500000US39057","167995","85000","864","67680","10207","11401","39","057"
"Hamilton County, Ohio","0500000US39061","816684","422478","803","57189","62561","65694","39","061"
"Hancock County, Ohio","0500000US39063","75930","38622","714","60788","3067","5200","39","063"
"Jefferson County, Ohio","0500000US39081","65767","33413","655","40308","1488","2884","39","081"
"Lake County, Ohio","0500000US39085","230514","117388","895","65835","14905","16340","39","085"
"Licking County, Ohio","0500000US39089","175769","90258","830","67784","10411","12954","39","089"
"Lorain County, Ohio","0500000US39093","309461","156924","764","58613","18544","18158","39","093"
"Lucas County, Ohio","0500000US39095","429899","221448","743","47360","20640","25975","39","095"
"Mahoning County, Ohio","0500000US39099","229642","116415","659","47962","13024","14229","39","099"
"Marion County, Ohio","0500000US39101","65256","30596","711","43008","1543","1612","39","101"
"Medina County, Ohio","0500000US39103","179146","89933","877","75786","16008","13780","39","103"
"Miami County, Ohio","0500000US39109","106222","53671","728","58486","5685","6391","39","109"
"Montgomery County, Ohio","0500000US39113","532331","275102","784","50838","29419","33163","39","113"
"Muskingum County, Ohio","0500000US39119","86183","44040","710","49602","2403","3661","39","119"
"Portage County, Ohio","0500000US39133","162927","83586","877","64550","8154","9354","39","133"
"Richland County, Ohio","0500000US39139","121099","60136","656","49564","4007","5913","39","139"
"Ross County, Ohio","0500000US39141","76931","36760","667","46769","2122","2949","39","141"
"Scioto County, Ohio","0500000US39145","75502","38063","598","37257","2060","2711","39","145"
"Stark County, Ohio","0500000US39151","371574","191417","720","52068","18131","19272","39","151"
"Summit County, Ohio","0500000US39153","541918","278563","795","58876","38625","43111","39","153"
"Trumbull County, Ohio","0500000US39155","198627","102028","670","46196","7542","9277","39","155"
"Tuscarawas County, Ohio","0500000US39157","92176","47361","735","49658","3246","3589","39","157"
"Warren County, Ohio","0500000US39165","232173","114906","1148","86473","19815","20101","39","165"
"Wayne County, Ohio","0500000US39169","115967","58523","723","59111","5148","5482","39","169"
"Wood County, Ohio","0500000US39173","130696","66239","752","63695","6929","8973","39","173"
"Canadian County, Oklahoma","0500000US40017","144447","73655","978","70204","8032","10340","40","017"
"Cleveland County, Oklahoma","0500000US40027","281669","141521","895","62096","16744","17963","40","027"
"Comanche County, Oklahoma","0500000US40031","120422","57864","810","52089","4659","5511","40","031"
"Creek County, Oklahoma","0500000US40037","71604","36231","738","55264","2801","3238","40","037"
"Muskogee County, Oklahoma","0500000US40101","68362","35013","685","45290","2733","4123","40","101"
"Oklahoma County, Oklahoma","0500000US40109","792582","404372","883","52214","49767","55804","40","109"
"Payne County, Oklahoma","0500000US40119","82040","40010","830","48031","3925","6439","40","119"
"Pottawatomie County, Oklahoma","0500000US40125","72679","38066","741","48776","3083","3067","40","125"
"Rogers County, Oklahoma","0500000US40131","91984","46189","860","60148","5311","6494","40","131"
"Tulsa County, Oklahoma","0500000US40143","648360","331960","858","55638","44331","45560","40","143"
"Wagoner County, Oklahoma","0500000US40145","80110","40478","808","62421","4020","4577","40","145"
"Benton County, Oregon","0500000US41003","92101","45613","1072","63773","8223","7481","41","003"
"Clackamas County, Oregon","0500000US41005","416075","210359","1351","81278","35000","37704","41","005"
"Deschutes County, Oregon","0500000US41017","191996","96404","1186","67577","15201","16946","41","017"
"Douglas County, Oregon","0500000US41019","110283","55950","839","47004","4641","7011","41","019"
"Jackson County, Oregon","0500000US41029","219564","112953","980","56546","13633","13948","41","029"
"Josephine County, Oregon","0500000US41033","87393","44099","847","48315","3538","3413","41","033"
"Klamath County, Oregon","0500000US41035","67653","33934","758","45354","2835","3600","41","035"
"Lane County, Oregon","0500000US41039","379611","192721","998","53172","22615","26032","41","039"
"Linn County, Oregon","0500000US41043","127335","64674","998","54113","6228","6648","41","043"
"Marion County, Oregon","0500000US41047","346868","171881","1008","56341","14816","20643","41","047"
"Multnomah County, Oregon","0500000US41051","811880","409218","1280","71186","76354","84753","41","051"
"Polk County, Oregon","0500000US41053","85234","44289","996","61616","4799","5759","41","053"
"Umatilla County, Oregon","0500000US41059","77516","37728","775","56842","2570","3834","41","059"
"Washington County, Oregon","0500000US41067","597695","301471","1386","83068","56574","58578","41","067"
"Yamhill County, Oregon","0500000US41071","107002","54039","1142","60893","6717","6505","41","071"
"Adams County, Pennsylvania","0500000US42001","102811","52210","950","62284","4462","5057","42","001"
"Allegheny County, Pennsylvania","0500000US42003","1218452","629793","880","59899","109920","107961","42","003"
"Armstrong County, Pennsylvania","0500000US42005","65263","32392","642","49950","3011","3834","42","005"
"Beaver County, Pennsylvania","0500000US42007","164742","84686","657","54660","9820","9230","42","007"
"Berks County, Pennsylvania","0500000US42011","420152","214181","909","62564","22329","23734","42","011"
"Blair County, Pennsylvania","0500000US42013","122492","63264","722","49942","5094","5670","42","013"
"Bucks County, Pennsylvania","0500000US42017","628195","320071","1267","88569","53498","57616","42","017"
"Butler County, Pennsylvania","0500000US42019","187888","94850","883","66423","17133","15070","42","019"
"Cambria County, Pennsylvania","0500000US42021","131730","66665","620","45084","6446","7084","42","021"
"Carbon County, Pennsylvania","0500000US42025","64227","32677","779","53227","2111","2671","42","025"
"Centre County, Pennsylvania","0500000US42027","162805","77435","902","57333","12011","11031","42","027"
"Chester County, Pennsylvania","0500000US42029","522046","264427","1272","99119","52919","60466","42","029"
"Clearfield County, Pennsylvania","0500000US42033","79388","37743","579","46205","2538","2875","42","033"
"Columbia County, Pennsylvania","0500000US42037","65456","33691","744","50601","3829","3634","42","037"
"Crawford County, Pennsylvania","0500000US42039","85063","43460","632","51502","4027","3862","42","039"
"Cumberland County, Pennsylvania","0500000US42041","251423","126962","979","71802","20144","21389","42","041"
"Dauphin County, Pennsylvania","0500000US42043","277097","142471","920","57814","18164","19358","42","043"
"Delaware County, Pennsylvania","0500000US42045","564751","292664","1026","72045","40343","44962","42","045"
"Erie County, Pennsylvania","0500000US42049","272061","138397","761","48007","14757","17109","42","049"
"Fayette County, Pennsylvania","0500000US42051","130441","66069","684","52984","4812","6468","42","051"
"Franklin County, Pennsylvania","0500000US42055","154835","79100","833","61208","5989","7706","42","055"
"Indiana County, Pennsylvania","0500000US42063","84501","41974","679","49448","3332","3698","42","063"
"Lackawanna County, Pennsylvania","0500000US42069","210793","109203","797","53302","12036","15277","42","069"
"Lancaster County, Pennsylvania","0500000US42071","543557","277831","975","66277","32694","32979","42","071"
"Lawrence County, Pennsylvania","0500000US42073","86184","44265","736","47853","4647","5257","42","073"
"Lebanon County, Pennsylvania","0500000US42075","141314","72149","907","61362","6642","6895","42","075"
"Lehigh County, Pennsylvania","0500000US42077","368100","187800","1057","62278","23056","22876","42","077"
"Luzerne County, Pennsylvania","0500000US42079","317646","160901","789","54433","16803","17089","42","079"
"Lycoming County, Pennsylvania","0500000US42081","113664","58995","776","55045","7693","6017","42","081"
"Mercer County, Pennsylvania","0500000US42085","110683","55594","644","48847","4957","5461","42","085"
"Monroe County, Pennsylvania","0500000US42089","169507","85758","1019","64170","6244","9137","42","089"
"Montgomery County, Pennsylvania","0500000US42091","828604","425273","1257","90122","78772","81808","42","091"
"Northampton County, Pennsylvania","0500000US42095","304807","154832","1092","68591","19961","20193","42","095"
"Northumberland County, Pennsylvania","0500000US42097","91083","44979","639","47160","3370","3775","42","097"
"Philadelphia County, Pennsylvania","0500000US42101","1584138","834121","1032","46116","90048","101630","42","101"
"Schuylkill County, Pennsylvania","0500000US42107","142067","68731","663","48458","5860","6387","42","107"
"Somerset County, Pennsylvania","0500000US42111","73952","35519","601","50988","2976","2760","42","111"
"Washington County, Pennsylvania","0500000US42125","207346","106254","794","63251","12837","15314","42","125"
"Westmoreland County, Pennsylvania","0500000US42129","350611","178752","753","58471","22627","25404","42","129"
"York County, Pennsylvania","0500000US42133","448273","226291","930","65239","25983","26385","42","133"
"Kent County, Rhode Island","0500000US44003","163861","83840","1104","68994","11594","13512","44","003"
"Newport County, Rhode Island","0500000US44005","82542","41162","1224","83822","8400","8178","44","005"
"Providence County, Rhode Island","0500000US44007","636084","326478","957","56461","37220","37326","44","007"
"Washington County, Rhode Island","0500000US44009","126179","64795","1132","89847","11363","11794","44","009"
"Aiken County, South Carolina","0500000US45003","169401","86308","825","51932","10060","9933","45","003"
"Anderson County, South Carolina","0500000US45007","200482","103139","742","51699","10298","10417","45","007"
"Beaufort County, South Carolina","0500000US45013","188715","97618","1300","65607","15361","18385","45","013"
"Berkeley County, South Carolina","0500000US45015","221091","110303","1155","62994","10341","14341","45","015"
"Charleston County, South Carolina","0500000US45019","405905","209487","1228","63459","41142","42359","45","019"
"Darlington County, South Carolina","0500000US45031","66802","33653","657","33521","2363","2193","45","031"
"Dorchester County, South Carolina","0500000US45035","160647","82296","1165","66438","11340","9676","45","035"
"Florence County, South Carolina","0500000US45041","138159","74603","749","48790","5385","8300","45","041"
"Greenville County, South Carolina","0500000US45045","514213","263870","943","61183","41184","40470","45","045"
"Greenwood County, South Carolina","0500000US45047","70741","38237","739","42245","2875","3996","45","047"
"Horry County, South Carolina","0500000US45051","344147","177465","913","49047","19356","21163","45","051"
"Kershaw County, South Carolina","0500000US45055","65592","32786","809","51467","1914","2726","45","055"
"Lancaster County, South Carolina","0500000US45057","95380","49543","825","57224","6024","6686","45","057"
"Laurens County, South Carolina","0500000US45059","66994","33928","690","41452","2558","2525","45","059"
"Lexington County, South Carolina","0500000US45063","295032","152215","923","60154","18610","22082","45","063"
"Oconee County, South Carolina","0500000US45073","78374","39569","698","47132","4599","4463","45","073"
"Orangeburg County, South Carolina","0500000US45075","86934","45971","644","36536","3248","2653","45","075"
"Pickens County, South Carolina","0500000US45077","124937","61931","809","47148","5290","5553","45","077"
"Richland County, South Carolina","0500000US45079","414576","213884","982","52159","23600","31227","45","079"
"Spartanburg County, South Carolina","0500000US45083","313888","162806","784","53581","14966","17800","45","083"
"Sumter County, South Carolina","0500000US45085","106512","54982","804","45994","2980","6168","45","085"
"York County, South Carolina","0500000US45091","274118","141661","1002","64319","20553","22505","45","091"
"Minnehaha County, South Dakota","0500000US46099","192876","94771","802","58742","14729","14695","46","099"
"Pennington County, South Dakota","0500000US46103","111729","55318","816","59006","7408","9175","46","103"
"Anderson County, Tennessee","0500000US47001","76482","39545","746","50616","3433","3005","47","001"
"Blount County, Tennessee","0500000US47009","131349","67763","816","58809","6655","7685","47","009"
"Bradley County, Tennessee","0500000US47011","106727","54324","799","50560","4133","4608","47","011"
"Davidson County, Tennessee","0500000US47037","692587","358333","1121","60856","60137","64470","47","037"
"Greene County, Tennessee","0500000US47059","69087","35140","688","47383","3040","2744","47","059"
"Hamilton County, Tennessee","0500000US47065","364286","188858","876","57280","24462","25857","47","065"
"Knox County, Tennessee","0500000US47093","465289","240025","878","55632","31887","35849","47","093"
"Madison County, Tennessee","0500000US47113","97605","51096","785","45360","4659","5605","47","113"
"Maury County, Tennessee","0500000US47119","94340","48184","859","53794","4826","4938","47","119"
"Montgomery County, Tennessee","0500000US47125","205950","103156","966","56019","12402","14077","47","125"
"Putnam County, Tennessee","0500000US47141","78843","40155","718","45199","3501","2980","47","141"
"Robertson County, Tennessee","0500000US47147","71012","36054","918","69079","3125","3998","47","147"
"Rutherford County, Tennessee","0500000US47149","324890","165067","1064","63739","21326","22924","47","149"
"Sevier County, Tennessee","0500000US47155","97892","49104","804","47411","2562","4218","47","155"
"Shelby County, Tennessee","0500000US47157","935764","490486","902","47500","51611","64745","47","157"
"Sullivan County, Tennessee","0500000US47163","157668","81427","615","44652","9850","8665","47","163"
"Sumner County, Tennessee","0500000US47165","187149","94602","998","65948","11150","12229","47","165"
"Washington County, Tennessee","0500000US47179","128607","65618","737","48765","9021","8286","47","179"
"Williamson County, Tennessee","0500000US47187","231729","117641","1502","110700","29175","32093","47","187"
"Wilson County, Tennessee","0500000US47189","140625","71425","1107","76756","10289","10259","47","189"
"Angelina County, Texas","0500000US48005","87092","44095","849","47519","2917","4204","48","005"
"Bastrop County, Texas","0500000US48021","86976","42833","1074","69067","3851","4908","48","021"
"Bell County, Texas","0500000US48027","355642","178561","912","54495","15661","19007","48","027"
"Bexar County, Texas","0500000US48029","1986049","1005449","994","54149","97342","118752","48","029"
"Bowie County, Texas","0500000US48037","94324","47101","771","47134","5247","4551","48","037"
"Brazoria County, Texas","0500000US48039","370200","183183","1161","73623","21032","22489","48","039"
"Brazos County, Texas","0500000US48041","226758","111341","952","50110","12009","16342","48","041"
"Cameron County, Texas","0500000US48061","423908","217855","712","38378","13425","16068","48","061"
"Collin County, Texas","0500000US48085","1005146","510437","1391","96051","103776","114120","48","085"
"Comal County, Texas","0500000US48091","148373","74591","1131","76203","11296","12762","48","091"
"Coryell County, Texas","0500000US48099","74808","37778","839","46131","2341","2999","48","099"
"Dallas County, Texas","0500000US48113","2637772","1335916","1125","59839","165075","174995","48","113"
"Denton County, Texas","0500000US48121","859064","436067","1228","88117","84794","94100","48","121"
"Ector County, Texas","0500000US48135","162124","79406","1028","64165","5261","5233","48","135"
"Ellis County, Texas","0500000US48139","179436","90917","1052","77794","10002","11288","48","139"
"El Paso County, Texas","0500000US48141","840758","425839","801","43958","37576","42772","48","141"
"Fort Bend County, Texas","0500000US48157","787858","401179","1424","91931","68805","74837","48","157"
"Galveston County, Texas","0500000US48167","337890","171141","1129","73840","22507","26960","48","167"
"Grayson County, Texas","0500000US48181","133991","68869","894","51158","5232","6648","48","181"
"Gregg County, Texas","0500000US48183","123707","64682","822","51361","3840","6759","48","183"
"Guadalupe County, Texas","0500000US48187","163694","82466","1092","74459","9666","10248","48","187"
"Harris County, Texas","0500000US48201","4698619","2364072","1062","60232","281358","317549","48","201"
"Harrison County, Texas","0500000US48203","66726","34493","709","50561","2736","3311","48","203"
"Hays County, Texas","0500000US48209","222631","111543","1181","65943","16742","17964","48","209"
"Henderson County, Texas","0500000US48213","82299","43434","750","42020","3122","3672","48","213"
"Hidalgo County, Texas","0500000US48215","865939","440546","703","39165","30046","34506","48","215"
"Hunt County, Texas","0500000US48231","96493","48609","931","55248","4836","4279","48","231"
"Jefferson County, Texas","0500000US48245","255001","124790","840","47177","10803","13645","48","245"
"Johnson County, Texas","0500000US48251","171361","85805","1002","62390","6037","7392","48","251"
"Kaufman County, Texas","0500000US48257","128622","66106","996","66668","5459","5543","48","257"
"Liberty County, Texas","0500000US48291","86323","43109","842","51955","1736","2049","48","291"
"Lubbock County, Texas","0500000US48303","307412","155549","911","50505","15376","19286","48","303"
"McLennan County, Texas","0500000US48309","254607","130376","893","48713","11746","13280","48","309"
"Midland County, Texas","0500000US48329","172578","86448","1281","81210","10630","10969","48","329"
"Montgomery County, Texas","0500000US48339","590925","296526","1204","76929","46656","50377","48","339"
"Nacogdoches County, Texas","0500000US48347","65711","33580","741","46459","2377","3127","48","347"
"Nueces County, Texas","0500000US48355","362265","182569","1007","54560","17204","16786","48","355"
"Orange County, Texas","0500000US48361","83572","42052","824","56420","2443","3973","48","361"
"Parker County, Texas","0500000US48367","138371","69703","1062","72004","8195","8177","48","367"
"Potter County, Texas","0500000US48375","119648","58408","806","40797","3851","4129","48","375"
"Randall County, Texas","0500000US48381","136271","68991","865","70108","9756","13402","48","381"
"Rockwall County, Texas","0500000US48397","100657","51735","1649","100595","8009","9226","48","397"
"San Patricio County, Texas","0500000US48409","66893","32870","1029","55018","1889","2781","48","409"
"Smith County, Texas","0500000US48423","230221","118562","954","58226","12448","14909","48","423"
"Tarrant County, Texas","0500000US48439","2084931","1064966","1112","66063","135439","151675","48","439"
"Taylor County, Texas","0500000US48441","137640","70711","946","47508","8062","6760","48","441"
"Tom Green County, Texas","0500000US48451","118189","58738","852","52283","6180","6858","48","451"
"Travis County, Texas","0500000US48453","1248743","617966","1321","76392","137128","142135","48","453"
"Victoria County, Texas","0500000US48469","92035","47767","872","50210","4150","4236","48","469"
"Walker County, Texas","0500000US48471","72480","32114","921","40100","2930","3428","48","471"
"Webb County, Texas","0500000US48479","275910","140204","857","46862","11887","10627","48","479"
"Wichita County, Texas","0500000US48485","132064","64691","753","47373","5351","6525","48","485"
"Williamson County, Texas","0500000US48491","566719","287835","1359","87454","52826","53431","48","491"
"Wise County, Texas","0500000US48497","68305","34180","1024","69040","4415","4017","48","497"
"Cache County, Utah","0500000US49005","127068","63432","800","59248","8357","9153","49","005"
"Davis County, Utah","0500000US49011","351713","174302","1121","84358","26749","27180","49","011"
"Salt Lake County, Utah","0500000US49035","1152633","575231","1140","73801","79902","84035","49","035"
"Tooele County, Utah","0500000US49045","69907","34191","843","72906","2872","3517","49","045"
"Utah County, Utah","0500000US49049","622213","307769","1058","75349","39969","48615","49","049"
"Washington County, Utah","0500000US49053","171700","86855","984","56333","10518","11079","49","053"
"Weber County, Utah","0500000US49057","256359","128061","931","68669","12691","14339","49","057"
"Chittenden County, Vermont","0500000US50007","164572","84307","1205","75852","19212","17878","50","007"
"Albemarle County, Virginia","0500000US51003","108718","57007","1301","78584","9915","11269","51","003"
"Arlington County, Virginia","0500000US51013","237521","117723","1924","122394","31014","30582","51","013"
"Augusta County, Virginia","0500000US51015","75457","37016","877","59820","4085","4714","51","015"
"Bedford County, Virginia","0500000US51019","78747","40142","885","64084","3475","5874","51","019"
"Chesterfield County, Virginia","0500000US51041","348556","179901","1246","80655","29009","32894","51","041"
"Fairfax County, Virginia","0500000US51059","1150795","580022","1851","122227","115153","126617","51","059"
"Fauquier County, Virginia","0500000US51061","70675","36161","1276","92145","5282","6851","51","061"
"Frederick County, Virginia","0500000US51069","88355","43602","1098","80953","4715","4616","51","069"
"Hanover County, Virginia","0500000US51085","107239","54793","1174","91309","9936","11201","51","085"
"Henrico County, Virginia","0500000US51087","329261","172693","1147","68069","27241","33351","51","087"
"James City County, Virginia","0500000US51095","76397","41078","1288","83190","8531","8394","51","095"
"Loudoun County, Virginia","0500000US51107","406850","205199","1837","139915","42538","48795","51","107"
"Montgomery County, Virginia","0500000US51121","98985","47349","1016","51932","5571","4994","51","121"
"Prince William County, Virginia","0500000US51153","468011","234177","1658","107925","34603","38310","51","153"
"Roanoke County, Virginia","0500000US51161","94073","48831","972","68595","6236","9435","51","161"
"Rockingham County, Virginia","0500000US51165","81244","41672","870","61199","3780","5150","51","165"
"Spotsylvania County, Virginia","0500000US51177","134238","67943","1544","88431","6879","8281","51","177"
"Stafford County, Virginia","0500000US51179","149960","74881","1551","110307","12221","13364","51","179"
"York County, Virginia","0500000US51199","67846","35951","1401","83593","5015","6917","51","199"
"Alexandria city, Virginia","0500000US51510","160530","83443","1736","101215","15903","20022","51","510"
"Chesapeake city, Virginia","0500000US51550","242634","124250","1252","80265","15773","18752","51","550"
"Hampton city, Virginia","0500000US51650","134313","69869","1094","55466","7669","7723","51","650"
"Lynchburg city, Virginia","0500000US51680","82126","44003","811","42389","3930","5209","51","680"
"Newport News city, Virginia","0500000US51700","178626","91485","986","50180","9568","12737","51","700"
"Norfolk city, Virginia","0500000US51710","244076","116978","1035","49587","13483","14292","51","710"
"Portsmouth city, Virginia","0500000US51740","94632","48494","1057","47919","3029","3710","51","740"
"Richmond city, Virginia","0500000US51760","228783","121054","1016","48987","18929","19990","51","760"
"Roanoke city, Virginia","0500000US51770","99920","52441","817","42711","5848","6187","51","770"
"Suffolk city, Virginia","0500000US51800","91185","46740","1156","71829","5296","5963","51","800"
"Virginia Beach city, Virginia","0500000US51810","450189","228912","1344","77059","34533","37322","51","810"
"Benton County, Washington","0500000US53005","201877","101886","963","68115","11422","11876","53","005"
"Chelan County, Washington","0500000US53007","77036","38450","928","57132","3416","4940","53","007"
"Clallam County, Washington","0500000US53009","76737","38347","1032","59001","4565","5637","53","009"
"Clark County, Washington","0500000US53011","481857","242896","1340","74060","34859","32781","53","011"
"Cowlitz County, Washington","0500000US53015","108987","55394","803","59225","4799","3921","53","015"
"Franklin County, Washington","0500000US53021","94347","45473","902","60012","3365","3802","53","021"
"Grant County, Washington","0500000US53025","97331","47542","770","53057","3464","4060","53","025"
"Grays Harbor County, Washington","0500000US53027","73901","36828","730","48255","2879","2180","53","027"
"Island County, Washington","0500000US53029","84460","42274","1191","64793","5577","6697","53","029"
"King County, Washington","0500000US53033","2233163","1112018","1674","95009","254391","252585","53","033"
"Kitsap County, Washington","0500000US53035","269805","131719","1305","76945","19124","22256","53","035"
"Lewis County, Washington","0500000US53041","79604","39635","907","61058","2555","4224","53","041"
"Mason County, Washington","0500000US53045","65507","31944","1055","58094","2878","3407","53","045"
"Pierce County, Washington","0500000US53053","891299","447521","1299","75407","54228","56020","53","053"
"Skagit County, Washington","0500000US53057","128206","65144","1107","73206","7976","8301","53","057"
"Snohomish County, Washington","0500000US53061","814901","407021","1525","87440","58691","66911","53","061"
"Spokane County, Washington","0500000US53063","514631","260981","921","59783","33586","37421","53","063"
"Thurston County, Washington","0500000US53067","286419","146762","1222","72703","22397","24404","53","067"
"Whatcom County, Washington","0500000US53073","225685","114216","1110","62268","14754","16739","53","073"
"Yakima County, Washington","0500000US53077","251446","126212","797","51555","6568","8952","53","077"
"Berkeley County, West Virginia","0500000US54003","117123","58075","911","59328","5920","6211","54","003"
"Cabell County, West Virginia","0500000US54011","93224","48306","760","38162","4130","5323","54","011"
"Harrison County, West Virginia","0500000US54033","67554","34541","821","46569","2722","3105","54","033"
"Kanawha County, West Virginia","0500000US54039","180454","93421","765","41141","9785","8956","54","039"
"Monongalia County, West Virginia","0500000US54061","106420","51297","849","50834","8027","6520","54","061"
"Raleigh County, West Virginia","0500000US54081","74254","36824","678","39122","2732","2186","54","081"
"Wood County, West Virginia","0500000US54107","84203","43440","732","43563","3877","4098","54","107"
"Brown County, Wisconsin","0500000US55009","263378","132376","810","61651","17025","19277","55","009"
"Dane County, Wisconsin","0500000US55025","542364","273389","1097","71582","52463","54456","55","025"
"Dodge County, Wisconsin","0500000US55027","87847","42000","821","63077","3019","4763","55","027"
"Eau Claire County, Wisconsin","0500000US55035","104534","52433","801","60475","6496","7898","55","035"
"Fond du Lac County, Wisconsin","0500000US55039","103066","52516","725","57415","5221","5769","55","039"
"Jefferson County, Wisconsin","0500000US55055","85129","42687","881","65651","5521","6215","55","055"
"Kenosha County, Wisconsin","0500000US55059","169290","85083","891","65330","8808","10595","55","059"
"La Crosse County, Wisconsin","0500000US55063","118230","61022","872","60905","8592","8562","55","063"
"Manitowoc County, Wisconsin","0500000US55071","79074","39123","616","54393","4108","5084","55","071"
"Marathon County, Wisconsin","0500000US55073","135428","67644","756","62890","8789","8685","55","073"
"Milwaukee County, Wisconsin","0500000US55079","948201","489003","861","49636","52477","67064","55","079"
"Outagamie County, Wisconsin","0500000US55087","187365","94390","797","64759","12025","14441","55","087"
"Ozaukee County, Wisconsin","0500000US55089","89147","45196","939","81104","8632","9360","55","089"
"Portage County, Wisconsin","0500000US55097","70942","35314","771","57452","4059","6307","55","097"
"Racine County, Wisconsin","0500000US55101","196584","99107","847","59759","10213","12316","55","101"
"Rock County, Wisconsin","0500000US55105","163129","82212","832","57037","7196","8776","55","105"
"St. Croix County, Wisconsin","0500000US55109","89694","45365","926","81453","6090","7532","55","109"
"Sheboygan County, Wisconsin","0500000US55117","115456","56380","720","60896","5781","7042","55","117"
"Walworth County, Wisconsin","0500000US55127","103718","51617","887","63800","5210","6883","55","127"
"Washington County, Wisconsin","0500000US55131","135693","68603","890","73435","9631","11333","55","131"
"Waukesha County, Wisconsin","0500000US55133","403072","204897","1029","86968","39815","44117","55","133"
"Winnebago County, Wisconsin","0500000US55139","171020","84710","735","56589","9531","11681","55","139"
"Wood County, Wisconsin","0500000US55141","73055","36713","743","55273","3227","4396","55","141"
"Laramie County, Wyoming","0500000US56021","98976","49353","893","64306","5148","6917","56","021"
"Natrona County, Wyoming","0500000US56025","79115","39310","857","64833","3567","5010","56","025"
"Arecibo Municipio, Puerto Rico","0500000US72013","82114","42919","386","18360","4177","6998","72","013"
"Bayamón Municipio, Puerto Rico","0500000US72021","170480","90269","558","24873","10525","16198","72","021"
"Caguas Municipio, Puerto Rico","0500000US72025","124434","66673","600","27714","8611","12499","72","025"
"Carolina Municipio, Puerto Rico","0500000US72031","147661","80219","651","25189","10370","14627","72","031"
"Guaynabo Municipio, Puerto Rico","0500000US72061","83787","43613","735","36309","6897","10697","72","061"
"Mayagüez Municipio, Puerto Rico","0500000US72097","71986","37627","411","11940","3382","5265","72","097"
"Ponce Municipio, Puerto Rico","0500000US72113","133191","69248","416","17906","8298","11680","72","113"
"San Juan Municipio, Puerto Rico","0500000US72127","320967","174280","504","23012","23122","33006","72","127"
"Toa Alta Municipio, Puerto Rico","0500000US72135","71094","36673","612","26358","4377","6181","72","135"
"Toa Baja Municipio, Puerto Rico","0500000US72137","74623","39767","618","25504","5342","6942","72","137"
"Trujillo Alto Municipio, Puerto Rico","0500000US72139","63746","33374","517","31078","4386","7444","72","139"
