NAME,GEO_ID,total_population,female_population,median_gross_rent_in_dollars,median_household_income_past12months,male_bachelors_degree_25yrs_above,female_bachelors_degree_25yrs_above,state,county
"Baldwin County, Alabama","0500000US01003","223234","114042","1072","56439","17207","15574","01","003"
"Calhoun County, Alabama","0500000US01015","113605","59320","769","48156","4232","4850","01","015"
"Cullman County, Alabama","0500000US01043","83768","43189","798","50906","2204","3731","01","043"
"DeKalb County, Alabama","0500000US01049","71513","35825","589","44208","1599","2094","01","049"
"Elmore County, Alabama","0500000US01051","81209","41149","896","61854","4611","4807","01","051"
"Etowah County, Alabama","0500000US01055","102268","52990","677","41447","2891","4633","01","055"
"Houston County, Alabama","0500000US01069","105882","55216","736","50103","5266","5187","01","069"
"Jefferson County, Alabama","0500000US01073","658573","347675","907","53944","40385","51654","01","073"
"Lauderdale County, Alabama","0500000US01077","92729","47946","637","46632","3996","4495","01","077"
"Lee County, Alabama","0500000US01081","164542","82137","765","53712","11654","9622","01","081"
"Limestone County, Alabama","0500000US01083","98915","49955","728","63695","6550","6158","01","083"
"Madison County, Alabama","0500000US01089","372909","191857","874","67930","31879","36552","01","089"
"Marshall County, Alabama","0500000US01095","96774","50399","652","49467","4948","4760","01","095"
"Mobile County, Alabama","0500000US01097","413210","216900","846","49639","18023","23844","01","097"
"Montgomery County, Alabama","0500000US01101","226486","119657","878","53117","13702","16908","01","101"
"Morgan County, Alabama","0500000US01103","119679","60796","716","54338","6895","5771","01","103"
"St. Clair County, Alabama","0500000US01115","89512","46256","963","67487","2451","3013","01","115"
"Shelby County, Alabama","0500000US01117","217702","112544","1073","75614","21334","22226","01","117"
"Talladega County, Alabama","0500000US01121","79978","40358","626","50147","2117","2910","01","121"
"Tuscaloosa County, Alabama","0500000US01125","209355","108453","889","52243","13061","12039","01","125"
"Walker County, Alabama","0500000US01127","63521","32035","730","46283","2122","1780","01","127"
"Anchorage Municipality, Alaska","0500000US02020","288000","143443","1230","82716","19154","23198","02","020"
"Fairbanks North Star Borough, Alaska","0500000US02090","96849","43686","1284","72065","4625","5587","02","090"
"Matanuska-Susitna Borough, Alaska","0500000US02170","108317","51883","1134","74709","5884","6124","02","170"
"Apache County, Arizona","0500000US04001","71887","35452","489","30480","1092","1745","04","001"
"Cochise County, Arizona","0500000US04003","125922","61718","735","48484","6891","6441","04","003"
"Coconino County, Arizona","0500000US04005","143476","72440","1231","58085","8740","9897","04","005"
"Maricopa County, Arizona","0500000US04013","4485414","2268298","1193","68649","306845","334353","04","013"
"Mohave County, Arizona","0500000US04015","212181","105262","873","50179","7378","6580","04","015"
"Navajo County, Arizona","0500000US04017","110924","55930","667","38897","2081","3104","04","017"
"Pima County, Arizona","0500000US04019","1047279","531169","905","56169","63564","70867","04","019"
"Pinal County, Arizona","0500000US04021","462789","221420","1089","62057","22275","23043","04","021"
"Yavapai County, Arizona","0500000US04025","235099","119465","1005","53816","14208","14224","04","025"
"Yuma County, Arizona","0500000US04027","213787","103598","829","46419","5681","6778","04","027"
"Benton County, Arkansas","0500000US05007","279141","140409","895","69130","19860","21302","05","007"
"Craighead County, Arkansas","0500000US05031","110332","56552","733","45610","5060","6172","05","031"
"Faulkner County, Arkansas","0500000US05045","126007","65131","836","57642","7773","8237","05","045"
"Garland County, Arkansas","0500000US05051","99386","52322","763","45265","6014","7369","05","051"
"Jefferson County, Arkansas","0500000US05069","66824","34265","721","39326","1760","3747","05","069"
"Lonoke County, Arkansas","0500000US05085","73309","38002","776","62532","2877","3284","05","085"
"Pulaski County, Arkansas","0500000US05119","391911","205053","837","52043","27447","28761","05","119"
"Saline County, Arkansas","0500000US05125","122437","62443","846","66327","6927","8038","05","125"
"Sebastian County, Arkansas","0500000US05131","127827","66011","728","48839","6070","8087","05","131"
"Washington County, Arkansas","0500000US05143","239187","119203","817","50798","12353","15543","05","143"
"White County, Arkansas","0500000US05145","78753","39984","622","43399","1667","3452","05","145"
"Alameda County, California","0500000US06001","1671329","847633","1982","108322","171334","179357","06","001"
"Butte County, California","0500000US06007","219186","110797","1087","62563","15297","14389","06","007"
"Contra Costa County, California","0500000US06013","1153526","590141","1948","107135","91376","115698","06","013"
"El Dorado County, California","0500000US06017","192843","97336","1308","87059","17044","17856","06","017"
"Fresno County, California","0500000US06019","999101","499892","1034","57518","42985","48560","06","019"
"Humboldt County, California","0500000US06023","135558","69141","1006","51662","8389","10723","06","023"
"Imperial County, California","0500000US06025","181215","88289","810","48472","7298","8238","06","025"
"Kern County, California","0500000US06029","900202","439711","949","53067","29808","34976","06","029"
"Kings County, California","0500000US06031","152940","68963","969","58453","5250","6184","06","031"
"Lake County, California","0500000US06033","64386","32912","992","47138","1636","3051","06","033"
"Los Angeles County, California","0500000US06037","10039107","5089282","1577","72797","733518","817673","06","037"
"Madera County, California","0500000US06039","157327","80765","1028","64827","4521","5595","06","039"
"Marin County, California","0500000US06041","258826","132183","2096","110843","31842","36603","06","041"
"Mendocino County, California","0500000US06045","86749","44504","1120","51744","3424","5539","06","045"
"Merced County, California","0500000US06047","277680","137336","1097","61167","7380","9641","06","047"
"Monterey County, California","0500000US06053","434061","213855","1658","77514","18843","22775","06","053"
"Napa County, California","0500000US06055","137744","69176","1835","92769","9378","12212","06","055"
"Nevada County, California","0500000US06057","99755","51413","1407","68818","7584","9780","06","057"
"Orange County, California","0500000US06059","3175692","1607619","1929","95934","276770","291903","06","059"
"Placer County, California","0500000US06061","398329","203355","1640","97723","37580","40621","06","061"
"Riverside County, California","0500000US06065","2470546","1238513","1497","73260","122753","120966","06","065"
"Sacramento County, California","0500000US06067","1552058","793103","1363","72017","103358","116814","06","067"
"San Bernardino County, California","0500000US06071","2180085","1093859","1342","67903","95047","107968","06","071"
"San Diego County, California","0500000US06073","3338330","1658014","1758","83985","272763","287301","06","073"
"San Francisco County, California","0500000US06075","881549","434133","1959","123859","126354","119531","06","075"
"San Joaquin County, California","0500000US06077","762148","381303","1260","68997","30337","37919","06","077"
"San Luis Obispo County, California","0500000US06079","283111","141131","1654","77265","21420","22157","06","079"
"San Mateo County, California","0500000US06081","766573","387997","2497","138500","71895","88040","06","081"
"Santa Barbara County, California","0500000US06083","446499","222640","1660","75653","26186","31197","06","083"
"Santa Clara County, California","0500000US06085","1927852","951549","2392","133076","184348","194269","06","085"
"Santa Cruz County, California","0500000US06087","273213","137755","1785","89269","21547","24258","06","087"
"Shasta County, California","0500000US06089","180080","90909","1116","63091","9036","10434","06","089"
"Solano County, California","0500000US06095","447643","225595","1723","86652","25175","34184","06","095"
"Sonoma County, California","0500000US06097","494336","253823","1757","87828","37469","46447","06","097"
"Stanislaus County, California","0500000US06099","550660","279171","1231","63037","18823","24500","06","099"
"Sutter County, California","0500000US06101","96971","48087","1151","62777","4002","3790","06","101"
"Tehama County, California","0500000US06103","65084","32393","950","53475","2526","1917","06","103"
"Tulare County, California","0500000US06107","466195","233378","1014","57692","12981","12179","06","107"
"Ventura County, California","0500000US06111","846006","428074","1859","92236","61173","65199","06","111"
"Yolo County, California","0500000US06113","220500","113480","1489","71417","11896","17183","06","113"
"Yuba County, California","0500000US06115","78668","38806","1012","58765","3979","2635","06","115"
"Adams County, Colorado","0500000US08001","517421","253766","1401","75804","27552","29923","08","001"
"Arapahoe County, Colorado","0500000US08005","656590","331082","1460","82710","58719","62597","08","005"
"Boulder County, Colorado","0500000US08013","326196","162517","1637","88535","38272","39318","08","013"
"Broomfield County, Colorado","0500000US08014","70465","34884","1786","111400","8438","7906","08","014"
"Denver County, Colorado","0500000US08031","727211","362580","1433","75646","88088","85005","08","031"
"Douglas County, Colorado","0500000US08035","351154","175581","1761","122867","43363","41941","08","035"
"El Paso County, Colorado","0500000US08041","720403","356098","1253","72830","54506","61075","08","041"
"Jefferson County, Colorado","0500000US08059","582881","291804","1444","90040","65636","65790","08","059"
"Larimer County, Colorado","0500000US08069","356899","177415","1399","75186","34901","36843","08","069"
"Mesa County, Colorado","0500000US08077","154210","78968","981","60500","10725","10407","08","077"
"Pueblo County, Colorado","0500000US08101","168424","85631","860","51276","8867","9093","08","101"
"Weld County, Colorado","0500000US08123","324492","160283","1211","78615","17249","21166","08","123"
"Fairfield County, Connecticut","0500000US09001","943332","483894","1521","97053","83132","95240","09","001"
"Hartford County, Connecticut","0500000US09003","891720","458501","1104","75381","66314","66059","09","003"
"Litchfield County, Connecticut","0500000US09005","180333","90474","1049","81195","13356","15504","09","005"
"Middlesex County, Connecticut","0500000US09007","162436","81697","1119","76518","14091","14665","09","007"
"New Haven County, Connecticut","0500000US09009","854757","442328","1151","69751","52108","60159","09","009"
"New London County, Connecticut","0500000US09011","265206","132432","1140","75633","15971","18127","09","011"
"Tolland County, Connecticut","0500000US09013","150721","74813","1218","91028","10584","11782","09","013"
"Windham County, Connecticut","0500000US09015","116782","57371","1028","62106","5663","6411","09","015"
"Kent County, Delaware","0500000US10001","180786","93957","1125","58001","9656","9455","10","001"
"New Castle County, Delaware","0500000US10003","558753","288357","1130","76328","38012","45540","10","003"
"Sussex County, Delaware","0500000US10005","234225","121162","1006","65155","15051","16573","10","005"
"District of Columbia, District of Columbia","0500000US11001","705749","371394","1603","92266","62428","67397","11","001"
"Alachua County, Florida","0500000US12001","269043","140054","1006","49534","19122","19754","12","001"
"Bay County, Florida","0500000US12005","174705","88875","1204","59450","9617","10809","12","005"
"Brevard County, Florida","0500000US12009","601942","308305","1132","57305","40815","44126","12","009"
"Broward County, Florida","0500000US12011","1952778","1001957","1448","61502","139902","148940","12","011"
"Charlotte County, Florida","0500000US12015","188910","97588","1006","54652","11677","10548","12","015"
"Citrus County, Florida","0500000US12017","149657","77651","903","50751","6840","8441","12","017"
"Clay County, Florida","0500000US12019","219252","111038","1114","76687","13502","14797","12","019"
"Collier County, Florida","0500000US12021","384902","195189","1397","76025","30004","31071","12","021"
"Columbia County, Florida","0500000US12023","71686","35399","757","47094","2150","2783","12","023"
"Duval County, Florida","0500000US12031","957755","494264","1111","58415","61157","72450","12","031"
"Escambia County, Florida","0500000US12033","318316","162049","1004","53136","15923","16233","12","033"
"Flagler County, Florida","0500000US12035","115081","60671","1423","60204","8117","7403","12","035"
"Hernando County, Florida","0500000US12053","193920","100528","974","51031","8837","10328","12","053"
"Highlands County, Florida","0500000US12055","106221","53598","807","48698","3064","5891","12","055"
"Hillsborough County, Florida","0500000US12057","1471968","751796","1186","61154","105618","115396","12","057"
"Indian River County, Florida","0500000US12061","159923","81891","1004","59782","11285","14448","12","061"
"Lake County, Florida","0500000US12069","367118","188188","1132","57588","19325","23931","12","069"
"Lee County, Florida","0500000US12071","770577","391973","1220","62240","48800","57118","12","071"
"Leon County, Florida","0500000US12073","293582","155010","1015","54929","22554","22906","12","073"
"Manatee County, Florida","0500000US12081","403253","206311","1191","64499","28282","27190","12","081"
"Marion County, Florida","0500000US12083","365579","190472","970","49576","17065","17480","12","083"
"Martin County, Florida","0500000US12085","161000","79974","1203","70842","12752","14096","12","085"
"Miami-Dade County, Florida","0500000US12086","2716940","1397753","1408","55171","169692","204471","12","086"
"Monroe County, Florida","0500000US12087","74228","35094","1540","68589","6195","5944","12","087"
"Nassau County, Florida","0500000US12089","88625","44927","1065","70939","5485","7050","12","089"
"Okaloosa County, Florida","0500000US12091","210738","103567","1150","64222","12776","16971","12","091"
"Orange County, Florida","0500000US12095","1393452","710286","1322","63461","100933","119071","12","095"
"Osceola County, Florida","0500000US12097","375751","189095","1317","51760","17658","21979","12","097"
"Palm Beach County, Florida","0500000US12099","1496770","771255","1498","66623","123794","126465","12","099"
"Pasco County, Florida","0500000US12101","553947","283880","1077","55828","33480","34220","12","101"
"Pinellas County, Florida","0500000US12103","974996","507149","1182","56737","78447","84287","12","103"
"Polk County, Florida","0500000US12105","724777","369237","998","51833","30933","38174","12","105"
"Putnam County, Florida","0500000US12107","74521","37347","787","42899","2203","1873","12","107"
"St. Johns County, Florida","0500000US12109","264672","136759","1334","90356","25306","28237","12","109"
"St. Lucie County, Florida","0500000US12111","328297","170315","1196","58039","15186","18357","12","111"
"Santa Rosa County, Florida","0500000US12113","184313","89758","1208","64930","10211","12918","12","113"
"Sarasota County, Florida","0500000US12115","433742","227596","1354","66342","33434","38248","12","115"
"Seminole County, Florida","0500000US12117","471826","244363","1317","70190","44129","44934","12","117"
"Sumter County, Florida","0500000US12119","132420","67072","1185","60287","12695","11749","12","119"
"Volusia County, Florida","0500000US12127","553284","283813","1074","53766","30490","32456","12","127"
"Walton County, Florida","0500000US12131","74071","36389","1217","60457","4350","7131","12","131"
"Barrow County, Georgia","0500000US13013","83240","41904","1023","69890","3519","4770","13","013"
"Bartow County, Georgia","0500000US13015","107738","55772","946","59911","4216","5122","13","015"
"Bibb County, Georgia","0500000US13021","153159","81271","857","42140","5234","8409","13","021"
"Bulloch County, Georgia","0500000US13031","79608","40853","817","50436","2425","4617","13","031"
"Carroll County, Georgia","0500000US13045","119992","61438","888","61133","4557","4175","13","045"
"Catoosa County, Georgia","0500000US13047","67580","35237","807","61487","4282","3457","13","047"
"Chatham County, Georgia","0500000US13051","289430","149583","1093","57611","19594","22327","13","051"
"Cherokee County, Georgia","0500000US13057","258773","132646","1266","86404","23189","23966","13","057"
"Clarke County, Georgia","0500000US13059","128331","67062","849","39799","7671","9828","13","059"
"Clayton County, Georgia","0500000US13063","292256","156278","1050","51093","9843","13058","13","063"
"Cobb County, Georgia","0500000US13067","760141","390797","1255","79601","72424","84610","13","067"
"Columbia County, Georgia","0500000US13073","156714","78660","1145","88761","11731","15778","13","073"
"Coweta County, Georgia","0500000US13077","148509","75239","1152","78423","8486","8410","13","077"
"DeKalb County, Georgia","0500000US13089","759297","401360","1260","63652","59415","73651","13","089"
"Dougherty County, Georgia","0500000US13095","87956","47665","769","35062","2315","2934","13","095"
"Douglas County, Georgia","0500000US13097","146343","76221","1091","62669","7679","10725","13","097"
"Fayette County, Georgia","0500000US13113","114421","59760","1345","92172","11777","12014","13","113"
"Floyd County, Georgia","0500000US13115","98498","50667","780","50880","4204","3678","13","115"
"Forsyth County, Georgia","0500000US13117","244252","123015","1442","112108","29599","28538","13","117"
"Fulton County, Georgia","0500000US13121","1063937","549036","1324","80013","113909","131646","13","121"
"Glynn County, Georgia","0500000US13127","85292","44865","791","59004","3642","5026","13","127"
"Gwinnett County, Georgia","0500000US13135","936250","479413","1338","72109","70772","82883","13","135"
"Hall County, Georgia","0500000US13139","204441","103020","974","67467","10623","10346","13","139"
"Henry County, Georgia","0500000US13151","234561","121683","1196","71939","10879","16509","13","151"
"Houston County, Georgia","0500000US13153","157863","80018","940","66740","7270","9235","13","153"
"Jackson County, Georgia","0500000US13157","72977","37378","887","65063","3977","5289","13","157"
"Lowndes County, Georgia","0500000US13185","117406","60491","833","45683","4489","7708","13","185"
"Muscogee County, Georgia","0500000US13215","195769","101424","885","46934","8094","8544","13","215"
"Newton County, Georgia","0500000US13217","111744","60659","1057","57254","3315","4275","13","217"
"Paulding County, Georgia","0500000US13223","168667","86612","1311","75800","6490","8791","13","223"
"Richmond County, Georgia","0500000US13245","202518","104810","926","44973","8287","8109","13","245"
"Rockdale County, Georgia","0500000US13247","90896","47381","1120","60560","4484","5017","13","247"
"Spalding County, Georgia","0500000US13255","66703","33470","794","51677","1992","2692","13","255"
"Troup County, Georgia","0500000US13285","69922","37358","829","46198","2984","3275","13","285"
"Walker County, Georgia","0500000US13295","69761","34369","701","47856","2000","3070","13","295"
"Walton County, Georgia","0500000US13297","94593","48503","1058","66176","5073","5020","13","297"
"Whitfield County, Georgia","0500000US13313","104628","52870","715","52198","3278","3291","13","313"
"Hawaii County, Hawaii","0500000US15001","201513","101479","1215","67075","12396","15906","15","001"
"Honolulu County, Hawaii","0500000US15003","974563","484494","1774","87470","74242","85042","15","003"
"Kauai County, Hawaii","0500000US15007","72293","37295","1326","81971","3871","5755","15","007"
"Maui County, Hawaii","0500000US15009","167488","84739","1615","80754","8625","14134","15","009"
"Ada County, Idaho","0500000US16001","481587","239466","1113","72021","40903","42857","16","001"
"Bannock County, Idaho","0500000US16005","87808","42805","672","51989","4570","6610","16","005"
"Bonneville County, Idaho","0500000US16019","119062","58694","807","64618","7704","9011","16","019"
"Canyon County, Idaho","0500000US16027","229849","115315","964","58945","9209","11745","16","027"
"Kootenai County, Idaho","0500000US16055","165697","83061","966","62579","7962","9923","16","055"
"Twin Falls County, Idaho","0500000US16083","86878","44786","777","56276","2854","3885","16","083"
"Adams County, Illinois","0500000US17001","65435","33681","802","55727","3326","3997","17","001"
"Champaign County, Illinois","0500000US17019","209689","105652","912","52405","11860","12961","17","019"
"Cook County, Illinois","0500000US17031","5150233","2648971","1146","69429","411129","442285","17","031"
"DeKalb County, Illinois","0500000US17037","104897","53119","924","64131","6495","7863","17","037"
"DuPage County, Illinois","0500000US17043","922921","468713","1349","96403","92993","101092","17","043"
"Kane County, Illinois","0500000US17089","532403","267412","1117","84368","39110","37310","17","089"
"Kankakee County, Illinois","0500000US17091","109862","55727","923","60923","4498","4066","17","091"
"Kendall County, Illinois","0500000US17093","128990","67993","1555","104858","8713","10040","17","093"
"Lake County, Illinois","0500000US17097","696535","348045","1210","92511","62008","62562","17","097"
"LaSalle County, Illinois","0500000US17099","108669","53543","763","59130","3582","4623","17","099"
"McHenry County, Illinois","0500000US17111","307774","154364","1198","88879","24608","26077","17","111"
"McLean County, Illinois","0500000US17113","171517","89160","815","68784","14759","17356","17","113"
"Macon County, Illinois","0500000US17115","104009","54305","668","50839","4452","5934","17","115"
"Madison County, Illinois","0500000US17119","262966","134846","810","67440","15763","19195","17","119"
"Peoria County, Illinois","0500000US17143","179179","93782","750","57247","9307","14159","17","143"
"Rock Island County, Illinois","0500000US17161","141879","72734","726","58313","6844","7087","17","161"
"St. Clair County, Illinois","0500000US17163","259686","134677","779","57169","12972","15720","17","163"
"Sangamon County, Illinois","0500000US17167","194672","101509","812","61280","13967","15929","17","167"
"Tazewell County, Illinois","0500000US17179","131803","66535","718","65848","8826","8859","17","179"
"Vermilion County, Illinois","0500000US17183","75758","38468","649","43111","1769","2326","17","183"
"Will County, Illinois","0500000US17197","690743","348041","1125","90134","49805","54959","17","197"
"Williamson County, Illinois","0500000US17199","66597","33677","760","58097","4269","4617","17","199"
"Winnebago County, Illinois","0500000US17201","282572","144512","835","59455","15243","15632","17","201"
"Allen County, Indiana","0500000US18003","379299","194142","783","56519","22515","26149","18","003"
"Bartholomew County, Indiana","0500000US18005","83779","41885","935","72555","7127","5260","18","005"
"Boone County, Indiana","0500000US18011","67843","34321","1040","70813","5756","6805","18","011"
"Clark County, Indiana","0500000US18019","118302","61856","879","59064","6591","5804","18","019"
"Delaware County, Indiana","0500000US18035","114135","58779","709","45065","2546","5872","18","035"
"Elkhart County, Indiana","0500000US18039","206341","104404","841","54531","9554","8744","18","039"
"Floyd County, Indiana","0500000US18043","78522","40014","786","63219","4197","5477","18","043"
"Grant County, Indiana","0500000US18053","65769","33689","667","47206","2733","2903","18","053"
"Hamilton County, Indiana","0500000US18057","338011","171842","1207","105062","42706","42867","18","057"
"Hancock County, Indiana","0500000US18059","78168","39881","918","69392","5207","6225","18","059"
"Hendricks County, Indiana","0500000US18063","170311","86359","1138","85381","15405","14014","18","063"
"Howard County, Indiana","0500000US18067","82544","42226","685","53440","3072","3742","18","067"
"Johnson County, Indiana","0500000US18081","158167","80839","957","73651","11386","11629","18","081"
"Kosciusko County, Indiana","0500000US18085","79456","39408","688","64099","5358","3804","18","085"
"Lake County, Indiana","0500000US18089","485493","250888","897","57081","23113","26246","18","089"
"LaPorte County, Indiana","0500000US18091","109888","52271","728","56019","4438","5178","18","091"
"Madison County, Indiana","0500000US18095","129569","64386","801","55142","5468","5510","18","095"
"Marion County, Indiana","0500000US18097","964582","498766","901","50458","61276","66160","18","097"
"Monroe County, Indiana","0500000US18105","148431","74414","937","52453","10399","9601","18","105"
"Morgan County, Indiana","0500000US18109","70489","35471","835","62862","2709","3047","18","109"
"Porter County, Indiana","0500000US18127","170389","85930","906","72483","9352","11430","18","127"
"St. Joseph County, Indiana","0500000US18141","271826","138830","870","53456","14153","18060","18","141"
"Tippecanoe County, Indiana","0500000US18157","195732","95087","886","49352","11798","11319","18","157"
"Vanderburgh County, Indiana","0500000US18163","181451","94182","815","51350","11289","12334","18","163"
"Vigo County, Indiana","0500000US18167","107038","52882","700","48013","4232","6156","18","167"
"Wayne County, Indiana","0500000US18177","65884","34319","712","47944","2009","2850","18","177"
"Black Hawk County, Iowa","0500000US19013","131228","66512","842","60506","6945","9709","19","013"
"Dallas County, Iowa","0500000US19049","93453","48237","1087","94885","10533","12830","19","049"
"Dubuque County, Iowa","0500000US19061","97311","48456","825","62178","6119","8060","19","061"
"Johnson County, Iowa","0500000US19103","151140","76179","977","66011","11672","13794","19","103"
"Linn County, Iowa","0500000US19113","226706","115505","769","63559","17035","17805","19","113"
"Polk County, Iowa","0500000US19153","490161","248190","944","66918","43732","42576","19","153"
"Pottawattamie County, Iowa","0500000US19155","93206","46988","846","60056","4616","5798","19","155"
"Scott County, Iowa","0500000US19163","172943","87727","775","65122","12057","11540","19","163"
"Story County, Iowa","0500000US19169","97117","46239","906","63107","6551","9401","19","169"
"Woodbury County, Iowa","0500000US19193","103107","51107","825","58945","4600","5145","19","193"
"Butler County, Kansas","0500000US20015","66911","33125","868","61951","3736","4869","20","015"
"Douglas County, Kansas","0500000US20045","122259","62577","961","64233","9242","12217","20","045"
"Johnson County, Kansas","0500000US20091","602401","307187","1148","91771","71285","70540","20","091"
"Leavenworth County, Kansas","0500000US20103","81758","37999","849","77070","5010","5845","20","103"
"Riley County, Kansas","0500000US20161","74232","34999","889","50920","4472","4910","20","161"
"Sedgwick County, Kansas","0500000US20173","516042","261517","846","59716","32153","36278","20","173"
"Shawnee County, Kansas","0500000US20177","176875","91190","831","59441","9488","15429","20","177"
"Wyandotte County, Kansas","0500000US20209","165429","83501","928","46964","5997","7186","20","209"
"Boone County, Kentucky","0500000US21015","133581","66481","964","76443","9919","8244","21","015"
"Bullitt County, Kentucky","0500000US21029","81676","40899","858","65560","2179","4089","21","029"
"Campbell County, Kentucky","0500000US21037","93584","47829","791","66439","8417","8558","21","037"
"Christian County, Kentucky","0500000US21047","70461","34238","877","47445","3227","3124","21","047"
"Daviess County, Kentucky","0500000US21059","101511","52032","804","50964","5291","5247","21","059"
"Fayette County, Kentucky","0500000US21067","323152","164819","932","58356","25566","26606","21","067"
"Hardin County, Kentucky","0500000US21093","110958","55409","844","57463","5205","5980","21","093"
"Jefferson County, Kentucky","0500000US21111","766757","396647","905","59049","58654","54017","21","111"
"Kenton County, Kentucky","0500000US21117","166998","85215","792","68849","10307","12500","21","117"
"McCracken County, Kentucky","0500000US21145","65418","34288","692","45084","3030","3495","21","145"
"Madison County, Kentucky","0500000US21151","92987","47757","685","49421","4779","5910","21","151"
"Oldham County, Kentucky","0500000US21185","66799","32600","925","97968","5802","5860","21","185"
"Warren County, Kentucky","0500000US21227","132896","67583","778","52645","8381","8907","21","227"
"Ascension Parish, Louisiana","0500000US22005","126604","64108","979","85425","8156","5949","22","005"
"Bossier Parish, Louisiana","0500000US22015","127039","63798","983","49962","4281","7381","22","015"
"Caddo Parish, Louisiana","0500000US22017","240204","126564","810","45537","9888","13764","22","017"
"Calcasieu Parish, Louisiana","0500000US22019","203436","105217","868","51246","9283","10244","22","019"
"East Baton Rouge Parish, Louisiana","0500000US22033","440059","229400","913","56451","27119","34705","22","033"
"Iberia Parish, Louisiana","0500000US22045","69830","35931","803","50991","2640","3179","22","045"
"Jefferson Parish, Louisiana","0500000US22051","432493","224484","937","56069","21488","33287","22","051"
"Lafayette Parish, Louisiana","0500000US22055","244390","126566","874","60567","16876","23471","22","055"
"Lafourche Parish, Louisiana","0500000US22057","97614","49821","812","51339","3059","4541","22","057"
"Livingston Parish, Louisiana","0500000US22063","140789","72129","929","62187","6564","9062","22","063"
"Orleans Parish, Louisiana","0500000US22071","390144","205938","1010","45615","27257","33238","22","071"
"Ouachita Parish, Louisiana","0500000US22073","153279","79741","747","41137","7190","9486","22","073"
"Rapides Parish, Louisiana","0500000US22079","129648","66882","848","50490","4712","6954","22","079"
"St. Landry Parish, Louisiana","0500000US22097","82124","41923","661","38681","1774","2541","22","097"
"St. Tammany Parish, Louisiana","0500000US22103","260419","134809","1107","69076","21786","19431","22","103"
"Tangipahoa Parish, Louisiana","0500000US22105","134758","69283","841","47825","6368","7157","22","105"
"Terrebonne Parish, Louisiana","0500000US22109","110461","56851","804","48446","3704","3962","22","109"
"Androscoggin County, Maine","0500000US23001","108277","55065","821","63813","5851","6838","23","001"
"Aroostook County, Maine","0500000US23003","67055","33558","583","38768","2572","3663","23","003"
"Cumberland County, Maine","0500000US23005","295003","152781","1187","76059","32075","35967","23","005"
"Kennebec County, Maine","0500000US23011","122302","63593","786","55389","5995","8999","23","011"
"Penobscot County, Maine","0500000US23019","152148","76593","809","50449","8752","12509","23","019"
"York County, Maine","0500000US23031","207641","107053","1020","66648","15146","15170","23","031"
"Allegany County, Maryland","0500000US24001","70416","33174","644","48867","3291","3263","24","001"
"Anne Arundel County, Maryland","0500000US24003","579234","292798","1696","101147","46722","52136","24","003"
"Baltimore County, Maryland","0500000US24005","827370","434882","1326","77358","62991","71313","24","005"
"Calvert County, Maryland","0500000US24009","92525","46321","1318","112380","4705","5753","24","009"
"Carroll County, Maryland","0500000US24013","168447","85087","1098","103014","12204","13126","24","013"
"Cecil County, Maryland","0500000US24015","102855","51473","1145","76441","4635","7040","24","015"
"Charles County, Maryland","0500000US24017","163257","84509","1675","103932","7987","10384","24","017"
"Frederick County, Maryland","0500000US24021","259547","131699","1425","103516","18999","23017","24","021"
"Harford County, Maryland","0500000US24025","255441","130676","1314","92331","17946","19601","24","025"
"Howard County, Maryland","0500000US24027","325690","167014","1723","121618","33056","37882","24","027"
"Montgomery County, Maryland","0500000US24031","1050688","542838","1788","110389","84592","107181","24","031"
"Prince George's County, Maryland","0500000US24033","909327","472797","1469","86290","53038","66184","24","033"
"St. Mary's County, Maryland","0500000US24037","113510","57005","1370","87947","7757","6523","24","037"
"Washington County, Maryland","0500000US24043","151049","74619","881","59140","6011","7142","24","043"
"Wicomico County, Maryland","0500000US24045","103609","55316","1051","54402","4328","6578","24","045"
"Baltimore city, Maryland","0500000US24510","593490","315302","1090","50177","34732","38898","24","510"
"Barnstable County, Massachusetts","0500000US25001","212990","110160","1306","85042","20182","23787","25","001"
"Berkshire County, Massachusetts","0500000US25003","124944","63963","864","58895","8263","7895","25","003"
"Bristol County, Massachusetts","0500000US25005","565217","291268","940","70402","39491","40552","25","005"
"Essex County, Massachusetts","0500000US25009","789034","408417","1348","83810","62605","73074","25","009"
"Franklin County, Massachusetts","0500000US25011","70180","36265","989","60018","4786","6083","25","011"
"Hampden County, Massachusetts","0500000US25013","466372","241278","924","60161","24093","29208","25","013"
"Hampshire County, Massachusetts","0500000US25015","160830","86312","1094","74778","11680","13850","25","015"
"Middlesex County, Massachusetts","0500000US25017","1611699","821492","1741","107056","155079","165465","25","017"
"Norfolk County, Massachusetts","0500000US25021","706775","368160","1678","107361","68886","73893","25","021"
"Plymouth County, Massachusetts","0500000US25023","521202","267085","1295","90880","43717","45977","25","023"
"Suffolk County, Massachusetts","0500000US25025","803907","415963","1708","77558","67407","77731","25","025"
"Worcester County, Massachusetts","0500000US25027","830622","421792","1098","78345","63299","63477","25","027"
"Allegan County, Michigan","0500000US26005","118081","59248","869","66278","6867","7390","26","005"
"Bay County, Michigan","0500000US26017","103126","52210","697","49610","5231","5874","26","017"
"Berrien County, Michigan","0500000US26021","153401","79163","775","50153","7482","9602","26","021"
"Calhoun County, Michigan","0500000US26025","134159","68239","785","49055","5477","6627","26","025"
"Clinton County, Michigan","0500000US26037","79595","39985","883","69651","5036","5821","26","037"
"Eaton County, Michigan","0500000US26045","110268","55912","853","65409","6551","8167","26","045"
"Genesee County, Michigan","0500000US26049","405813","210927","769","50389","18895","19080","26","049"
"Grand Traverse County, Michigan","0500000US26055","93088","47844","1024","65266","7286","9714","26","055"
"Ingham County, Michigan","0500000US26065","292406","150176","872","54395","17899","22440","26","065"
"Isabella County, Michigan","0500000US26073","69872","35930","684","45201","2270","3374","26","073"
"Jackson County, Michigan","0500000US26075","158510","77591","779","55124","7235","9781","26","075"
"Kalamazoo County, Michigan","0500000US26077","265066","135882","824","56441","17370","20492","26","077"
"Kent County, Michigan","0500000US26081","656955","333166","958","66532","51971","52480","26","081"
"Lapeer County, Michigan","0500000US26087","87607","43315","798","66263","3693","4321","26","087"
"Lenawee County, Michigan","0500000US26091","98451","48707","760","53865","4798","4668","26","091"
"Livingston County, Michigan","0500000US26093","191995","96458","1033","86512","16683","16135","26","093"
"Macomb County, Michigan","0500000US26099","873972","448263","972","64947","47471","52199","26","099"
"Marquette County, Michigan","0500000US26103","66699","33357","777","55148","5033","5693","26","103"
"Midland County, Michigan","0500000US26111","83156","42271","812","69872","6385","6489","26","111"
"Monroe County, Michigan","0500000US26115","150500","76375","827","62839","8698","9005","26","115"
"Muskegon County, Michigan","0500000US26121","173566","88182","727","50366","7675","9230","26","121"
"Oakland County, Michigan","0500000US26125","1257584","640917","1104","81190","121075","128323","26","125"
"Ottawa County, Michigan","0500000US26139","291830","147370","953","68817","22081","21806","26","139"
"Saginaw County, Michigan","0500000US26145","190539","97832","761","48303","8994","9529","26","145"
"St. Clair County, Michigan","0500000US26147","159128","79720","812","59837","7756","8295","26","147"
"Shiawassee County, Michigan","0500000US26155","68122","34547","728","55249","2997","3020","26","155"
"Van Buren County, Michigan","0500000US26159","75677","37791","758","60549","3445","4146","26","159"
"Washtenaw County, Michigan","0500000US26161","367601","185539","1139","76576","29566","30587","26","161"
"Wayne County, Michigan","0500000US26163","1749343","907127","901","50753","78954","94580","26","163"
"Anoka County, Minnesota","0500000US27003","356921","179515","1125","83353","28760","29525","27","003"
"Blue Earth County, Minnesota","0500000US27013","67653","33940","887","61133","4287","5591","27","013"
"Carver County, Minnesota","0500000US27019","105089","52959","1232","101434","12255","12546","27","019"
"Crow Wing County, Minnesota","0500000US27035","65055","33295","872","60534","3421","4074","27","035"
"Dakota County, Minnesota","0500000US27037","429021","217129","1233","88864","42839","40634","27","037"
"Hennepin County, Minnesota","0500000US27053","1265843","638954","1173","82369","143904","142241","27","053"
"Olmsted County, Minnesota","0500000US27109","158293","80073","1014","80096","12634","13932","27","109"
"Ramsey County, Minnesota","0500000US27123","550321","281572","1055","68871","46826","52586","27","123"
"Rice County, Minnesota","0500000US27131","66972","32467","811","72469","3143","4851","27","131"
"St. Louis County, Minnesota","0500000US27137","199070","99105","775","60434","12034","14840","27","137"
"Scott County, Minnesota","0500000US27139","149013","74850","1182","108761","13737","14347","27","139"
"Sherburne County, Minnesota","0500000US27141","97238","47548","1124","96210","5141","6849","27","141"
"Stearns County, Minnesota","0500000US27145","161075","80181","882","66558","8739","10181","27","145"
"Washington County, Minnesota","0500000US27163","262440","132655","1363","100596","26105","26339","27","163"
"Wright County, Minnesota","0500000US27171","138377","68292","1093","91707","9621","10928","27","171"
"DeSoto County, Mississippi","0500000US28033","184945","95604","1066","66078","10415","10561","28","033"
"Forrest County, Mississippi","0500000US28035","74897","40247","853","39063","3068","4061","28","035"
"Harrison County, Mississippi","0500000US28047","208080","107023","905","50119","10178","10545","28","047"
"Hinds County, Mississippi","0500000US28049","231840","123567","883","44964","10244","14518","28","049"
"Jackson County, Mississippi","0500000US28059","143617","73747","909","52476","6489","9509","28","059"
"Jones County, Mississippi","0500000US28067","68098","34796","643","37594","2577","2545","28","067"
"Lauderdale County, Mississippi","0500000US28075","74125","38256","735","37497","2966","3388","28","075"
"Lee County, Mississippi","0500000US28081","85436","44992","786","49715","4250","5046","28","081"
"Madison County, Mississippi","0500000US28089","106272","56679","907","68171","10160","11772","28","089"
"Rankin County, Mississippi","0500000US28121","155271","81438","989","67012","8472","13224","28","121"
"Boone County, Missouri","0500000US29019","180463","92986","925","57013","13687","14479","29","019"
"Buchanan County, Missouri","0500000US29021","87364","42852","772","46922","4529","4254","29","021"
"Cape Girardeau County, Missouri","0500000US29031","78871","40419","793","57908","4891","6024","29","031"
"Cass County, Missouri","0500000US29037","105780","55258","1009","72819","5047","6385","29","037"
"Christian County, Missouri","0500000US29043","88595","44714","837","62765","6521","4618","29","043"
"Clay County, Missouri","0500000US29047","249948","128886","1028","70253","18545","19544","29","047"
"Cole County, Missouri","0500000US29051","76745","36877","742","61371","6302","5617","29","051"
"Franklin County, Missouri","0500000US29071","103967","51717","758","60953","4496","4997","29","071"
"Greene County, Missouri","0500000US29077","293086","150253","755","43752","15907","21367","29","077"
"Jackson County, Missouri","0500000US29095","703011","363222","935","57936","48646","49247","29","095"
"Jasper County, Missouri","0500000US29097","121328","61797","724","45010","6378","7047","29","097"
"Jefferson County, Missouri","0500000US29099","225081","113273","891","69009","9549","10297","29","099"
"Platte County, Missouri","0500000US29165","104418","53335","1040","81712","9310","10093","29","165"
"St. Charles County, Missouri","0500000US29183","402022","205151","1057","89146","36246","34928","29","183"
"St. Francois County, Missouri","0500000US29187","67215","31062","721","42390","2183","971","29","187"
"St. Louis County, Missouri","0500000US29189","994205","522042","965","70022","81264","95208","29","189"
"St. Louis city, Missouri","0500000US29510","300576","155307","828","47176","19876","24628","29","510"
"Cascade County, Montana","0500000US30013","81366","40252","763","51227","4493","5123","30","013"
"Flathead County, Montana","0500000US30029","103806","51580","912","62588","9716","9867","30","029"
"Gallatin County, Montana","0500000US30031","114434","54301","1189","75418","13174","12751","30","031"
"Lewis and Clark County, Montana","0500000US30049","69432","35141","848","67616","7190","6804","30","049"
"Missoula County, Montana","0500000US30063","119600","60965","909","57347","12063","12498","30","063"
"Yellowstone County, Montana","0500000US30111","161300","81355","869","61186","11617","13089","30","111"
"Douglas County, Nebraska","0500000US31055","571327","289747","956","67133","48715","50567","31","055"
"Lancaster County, Nebraska","0500000US31109","319090","158811","859","61175","23918","26806","31","109"
"Sarpy County, Nebraska","0500000US31153","187196","93650","1036","83720","15254","16366","31","153"
"Clark County, Nevada","0500000US32003","2266715","1136092","1187","62107","123396","139266","32","003"
"Washoe County, Nevada","0500000US32031","471519","233724","1195","71881","29399","34028","32","031"
"Cheshire County, New Hampshire","0500000US33005","76085","39103","945","66088","4694","6654","33","005"
"Grafton County, New Hampshire","0500000US33009","89886","45365","992","60588","5215","7788","33","009"
"Hillsborough County, New Hampshire","0500000US33011","417025","209343","1262","83626","35912","36667","33","011"
"Merrimack County, New Hampshire","0500000US33013","151391","76950","1038","76218","10580","12484","33","013"
"Rockingham County, New Hampshire","0500000US33015","309769","157022","1300","91249","29340","29567","33","015"
"Strafford County, New Hampshire","0500000US33017","130633","66329","1115","71765","9401","8904","33","017"
"Atlantic County, New Jersey","0500000US34001","263670","135099","1116","63389","15422","19631","34","001"
"Bergen County, New Jersey","0500000US34003","932202","479756","1603","108827","95807","113638","34","003"
"Burlington County, New Jersey","0500000US34005","445349","226090","1392","88797","37943","40997","34","005"
"Camden County, New Jersey","0500000US34007","506471","261944","1111","73672","36179","38466","34","007"
"Cape May County, New Jersey","0500000US34009","92039","47451","1286","69980","5318","7446","34","009"
"Cumberland County, New Jersey","0500000US34011","149527","72199","1143","54587","4252","6405","34","011"
"Essex County, New Jersey","0500000US34013","798975","414484","1233","64626","52501","65838","34","013"
"Gloucester County, New Jersey","0500000US34015","291636","149902","1227","89447","20025","25001","34","015"
"Hudson County, New Jersey","0500000US34017","672391","337787","1454","78808","61248","68217","34","017"
"Hunterdon County, New Jersey","0500000US34019","124371","62634","1571","116155","13181","15834","34","019"
"Mercer County, New Jersey","0500000US34021","367430","188518","1234","79492","25769","31312","34","021"
"Middlesex County, New Jersey","0500000US34023","825062","417172","1527","93418","71735","76238","34","023"
"Monmouth County, New Jersey","0500000US34025","618795","317384","1416","102870","61283","66437","34","025"
"Morris County, New Jersey","0500000US34027","491845","249765","1578","116283","57847","59375","34","027"
"Ocean County, New Jersey","0500000US34029","607186","313807","1407","76093","42286","46763","34","029"
"Passaic County, New Jersey","0500000US34031","501826","257001","1324","77040","31754","33950","34","031"
"Salem County, New Jersey","0500000US34033","62385","32481","961","68531","2622","2679","34","033"
"Somerset County, New Jersey","0500000US34035","328934","167173","1633","111587","31486","40414","34","035"
"Sussex County, New Jersey","0500000US34037","140488","70649","1374","101130","10578","13798","34","037"
"Union County, New Jersey","0500000US34039","556341","284699","1331","80339","39584","47388","34","039"
"Warren County, New Jersey","0500000US34041","105267","53604","1218","84479","9870","9264","34","041"
"Bernalillo County, New Mexico","0500000US35001","679121","346974","900","56115","43114","49522","35","001"
"Chaves County, New Mexico","0500000US35005","64615","32656","737","42003","2246","2384","35","005"
"Doña Ana County, New Mexico","0500000US35013","218195","111180","752","43038","8731","11860","35","013"
"Lea County, New Mexico","0500000US35025","71070","34246","1006","68457","1581","1526","35","025"
"McKinley County, New Mexico","0500000US35031","71367","38242","607","37153","1265","1229","35","031"
"Otero County, New Mexico","0500000US35035","67490","31999","745","39371","2369","1518","35","035"
"Sandoval County, New Mexico","0500000US35043","146748","74614","1285","71997","10018","9420","35","043"
"San Juan County, New Mexico","0500000US35045","123958","62446","749","44321","3388","3273","35","045"
"Santa Fe County, New Mexico","0500000US35049","150358","77927","1030","61298","11106","13144","35","049"
"Valencia County, New Mexico","0500000US35061","76688","37359","887","60601","1710","3229","35","061"
"Albany County, New York","0500000US36001","305506","158216","1037","69953","22755","25201","36","001"
"Bronx County, New York","0500000US36005","1418207","748852","1231","41432","51206","67076","36","005"
"Broome County, New York","0500000US36007","190488","96263","779","52010","9381","8042","36","007"
"Cattaraugus County, New York","0500000US36009","76117","37985","683","50912","2960","3058","36","009"
"Cayuga County, New York","0500000US36011","76576","37711","745","58665","4372","3928","36","011"
"Chautauqua County, New York","0500000US36013","126903","65392","664","50272","5393","7623","36","013"
"Chemung County, New York","0500000US36015","83456","42311","757","60782","3712","4453","36","015"
"Clinton County, New York","0500000US36019","80485","39191","820","60198","4036","3987","36","019"
"Dutchess County, New York","0500000US36027","294218","147769","1250","85901","19014","20676","36","027"
"Erie County, New York","0500000US36029","918702","474267","855","60652","62178","62560","36","029"
"Jefferson County, New York","0500000US36045","109834","51928","1025","53917","4786","4635","36","045"
"Kings County, New York","0500000US36047","2559903","1346912","1483","66937","197189","222633","36","047"
"Livingston County, New York","0500000US36051","62914","30654","768","59173","2551","3118","36","051"
"Madison County, New York","0500000US36053","70941","35576","817","62918","3206","3375","36","053"
"Monroe County, New York","0500000US36055","741770","383490","922","62103","58467","60536","36","055"
"Nassau County, New York","0500000US36059","1356924","694822","1790","118453","124805","125037","36","059"
"New York County, New York","0500000US36061","1628706","857428","1753","93651","198502","204755","36","061"
"Niagara County, New York","0500000US36063","209281","106625","670","56304","12609","13741","36","063"
"Oneida County, New York","0500000US36065","228671","114742","745","57391","11511","13969","36","065"
"Onondaga County, New York","0500000US36067","460528","238796","863","61577","30846","32256","36","067"
"Ontario County, New York","0500000US36069","109777","55885","900","66568","8669","7610","36","069"
"Orange County, New York","0500000US36071","384940","191121","1324","84458","18774","23635","36","071"
"Oswego County, New York","0500000US36075","117124","58306","764","58459","5058","5314","36","075"
"Putnam County, New York","0500000US36079","98320","49182","1676","106204","7478","7762","36","079"
"Queens County, New York","0500000US36081","2253858","1159829","1641","73696","159039","175233","36","081"
"Rensselaer County, New York","0500000US36083","158714","79983","1034","71574","9968","10928","36","083"
"Richmond County, New York","0500000US36085","476143","244706","1299","89821","35362","36552","36","085"
"Rockland County, New York","0500000US36087","325789","165991","1490","100916","22201","24286","36","087"
"St. Lawrence County, New York","0500000US36089","107740","53187","696","52108","4438","4246","36","089"
"Saratoga County, New York","0500000US36091","229863","115844","1190","89932","20333","19815","36","091"
"Schenectady County, New York","0500000US36093","155299","79054","974","65773","10865","11762","36","093"
"Steuben County, New York","0500000US36101","95379","48294","709","52951","3647","4419","36","101"
"Suffolk County, New York","0500000US36103","1476601","749221","1796","106228","106482","107553","36","103"
"Sullivan County, New York","0500000US36105","75432","36358","820","60137","3980","4069","36","105"
"Tompkins County, New York","0500000US36109","102180","51205","1219","58626","6141","8077","36","109"
"Ulster County, New York","0500000US36111","177573","89632","1135","64087","8893","12512","36","111"
"Warren County, New York","0500000US36113","63944","32564","982","64985","3686","5378","36","113"
"Wayne County, New York","0500000US36117","89918","44780","778","61730","4275","4695","36","117"
"Westchester County, New York","0500000US36119","967506","499094","1604","101908","80639","90625","36","119"
"Alamance County, North Carolina","0500000US37001","169509","89543","796","58490","8601","11761","37","001"
"Brunswick County, North Carolina","0500000US37019","142820","73229","1003","63668","12152","11912","37","019"
"Buncombe County, North Carolina","0500000US37021","261191","135936","1056","54970","21370","26770","37","021"
"Burke County, North Carolina","0500000US37023","90485","45539","643","47361","3422","3790","37","023"
"Cabarrus County, North Carolina","0500000US37025","216453","110044","985","72333","14507","17782","37","025"
"Caldwell County, North Carolina","0500000US37027","82178","42930","668","48737","3341","4234","37","027"
"Carteret County, North Carolina","0500000US37031","69473","36288","851","60186","4459","5151","37","031"
"Catawba County, North Carolina","0500000US37035","159551","80480","717","52436","9004","9483","37","035"
"Chatham County, North Carolina","0500000US37037","74470","39506","742","66857","4497","7392","37","037"
"Cleveland County, North Carolina","0500000US37045","97947","51203","676","44987","3664","4399","37","045"
"Craven County, North Carolina","0500000US37049","102139","51841","961","52832","4637","4551","37","049"
"Cumberland County, North Carolina","0500000US37051","335509","169904","945","46292","13085","19804","37","051"
"Davidson County, North Carolina","0500000US37057","167609","86761","700","53473","7536","8198","37","057"
"Durham County, North Carolina","0500000US37063","321488","167107","1137","65317","22958","30760","37","063"
"Forsyth County, North Carolina","0500000US37067","382295","200980","843","52017","23279","29195","37","067"
"Franklin County, North Carolina","0500000US37069","69685","35082","797","57099","3711","4318","37","069"
"Gaston County, North Carolina","0500000US37071","224529","115767","825","56595","12339","13720","37","071"
"Guilford County, North Carolina","0500000US37081","537174","283105","911","55328","38091","47706","37","081"
"Harnett County, North Carolina","0500000US37085","135976","69147","893","55753","7859","6785","37","085"
"Henderson County, North Carolina","0500000US37089","117417","60836","854","62131","7419","9228","37","089"
"Iredell County, North Carolina","0500000US37097","181806","91015","897","68660","12085","14699","37","097"
"Johnston County, North Carolina","0500000US37101","209339","106652","829","60951","11245","13944","37","101"
"Lincoln County, North Carolina","0500000US37109","86111","43499","796","71514","4462","6217","37","109"
"Mecklenburg County, North Carolina","0500000US37119","1110356","577085","1191","69072","105937","118124","37","119"
"Moore County, North Carolina","0500000US37125","100880","52078","975","62469","8944","10014","37","125"
"Nash County, North Carolina","0500000US37127","94298","48182","795","50656","4082","4934","37","127"
"New Hanover County, North Carolina","0500000US37129","234473","124777","1111","56382","18525","26962","37","129"
"Onslow County, North Carolina","0500000US37133","197938","87789","900","49544","8646","10373","37","133"
"Orange County, North Carolina","0500000US37135","148476","78163","1054","74299","12434","14630","37","135"
"Pitt County, North Carolina","0500000US37147","180742","97591","829","53401","10468","11141","37","147"
"Randolph County, North Carolina","0500000US37151","143667","72143","713","49742","3348","6772","37","151"
"Robeson County, North Carolina","0500000US37155","130625","67465","658","35035","3457","5025","37","155"
"Rockingham County, North Carolina","0500000US37157","91010","46881","679","43230","3019","3299","37","157"
"Rowan County, North Carolina","0500000US37159","142088","72526","830","51927","4925","6306","37","159"
"Rutherford County, North Carolina","0500000US37161","67029","35113","647","44361","3765","3337","37","161"
"Surry County, North Carolina","0500000US37171","71783","36484","607","49250","2946","3790","37","171"
"Union County, North Carolina","0500000US37179","239859","122281","1075","85985","18586","20514","37","179"
"Wake County, North Carolina","0500000US37183","1111761","571204","1198","84215","120988","124915","37","183"
"Wayne County, North Carolina","0500000US37191","123131","63944","798","44596","3829","5675","37","191"
"Wilkes County, North Carolina","0500000US37193","68412","34492","660","43290","2794","3599","37","193"
"Wilson County, North Carolina","0500000US37195","81801","43875","690","38830","2891","4132","37","195"
"Burleigh County, North Dakota","0500000US38015","95626","48114","862","72494","7806","8480","38","015"
"Cass County, North Dakota","0500000US38017","181923","89453","804","62218","15439","17808","38","017"
"Grand Forks County, North Dakota","0500000US38035","69451","33556","828","56622","3697","5229","38","035"
"Ward County, North Dakota","0500000US38101","67641","32628","845","71415","3977","4768","38","101"
"Allen County, Ohio","0500000US39003","102351","50344","735","60429","4062","5146","39","003"
"Ashtabula County, Ohio","0500000US39007","97241","47677","698","44580","3489","3314","39","007"
"Athens County, Ohio","0500000US39009","65327","33146","859","41851","3271","3161","39","009"
"Belmont County, Ohio","0500000US39013","67006","32701","662","49780","2269","3162","39","013"
"Butler County, Ohio","0500000US39017","383134","195717","917","68584","23209","28342","39","017"
"Clark County, Ohio","0500000US39023","134083","69213","739","50128","4031","4547","39","023"
"Clermont County, Ohio","0500000US39025","206428","105436","827","67744","13231","15246","39","025"
"Columbiana County, Ohio","0500000US39029","101883","50335","629","53542","3439","4210","39","029"
"Cuyahoga County, Ohio","0500000US39035","1235072","645999","811","52423","84078","88797","39","035"
"Delaware County, Ohio","0500000US39041","209177","105038","1078","107854","22119","21616","39","041"
"Erie County, Ohio","0500000US39043","74266","38111","758","60653","3983","4319","39","043"
"Fairfield County, Ohio","0500000US39045","157574","79419","827","71469","9960","11214","39","045"
"Franklin County, Ohio","0500000US39049","1316756","673959","997","64713","113690","117858","39","049"
"Geauga County, Ohio","0500000US39055","93649","46493","850","77391","6398","8419","39","055"
"Greene County, Ohio","0500000US39057","168937","85993","901","67394","11816","14978","39","057"
"Hamilton County, Ohio","0500000US39061","817473","422397","831","60198","62593","67875","39","061"
"Hancock County, Ohio","0500000US39063","75783","37903","747","60944","4205","3319","39","063"
"Jefferson County, Ohio","0500000US39081","65325","33578","639","47445","2714","3170","39","081"
"Lake County, Ohio","0500000US39085","230149","118674","879","64076","13438","15831","39","085"
"Licking County, Ohio","0500000US39089","176862","90762","838","66013","9817","11410","39","089"
"Lorain County, Ohio","0500000US39093","309833","157062","750","58686","16016","16661","39","093"
"Lucas County, Ohio","0500000US39095","428348","221499","757","49448","22776","26441","39","095"
"Mahoning County, Ohio","0500000US39099","228683","115722","675","47170","12768","14366","39","099"
"Marion County, Ohio","0500000US39101","65093","30752","733","50608","1736","2118","39","101"
"Medina County, Ohio","0500000US39103","179746","90851","887","76468","13247","15012","39","103"
"Miami County, Ohio","0500000US39109","106987","53992","791","62451","4712","4768","39","109"
"Montgomery County, Ohio","0500000US39113","531687","275366","793","54537","28771","34986","39","113"
"Muskingum County, Ohio","0500000US39119","86215","43626","744","51844","2951","3383","39","119"
"Portage County, Ohio","0500000US39133","162466","82621","902","56679","8288","10029","39","133"
"Richland County, Ohio","0500000US39139","121154","59403","705","51783","4648","4907","39","139"
"Ross County, Ohio","0500000US39141","76666","36046","673","55717","2874","3091","39","141"
"Scioto County, Ohio","0500000US39145","75314","38372","647","45571","2602","4266","39","145"
"Stark County, Ohio","0500000US39151","370606","189959","732","55499","18539","19862","39","151"
"Summit County, Ohio","0500000US39153","541013","277822","815","57364","39418","40379","39","153"
"Trumbull County, Ohio","0500000US39155","197974","101576","669","47087","9033","9784","39","155"
"Tuscarawas County, Ohio","0500000US39157","91987","45875","726","53616","3925","4435","39","157"
"Warren County, Ohio","0500000US39165","234602","116038","1001","90837","20254","23633","39","165"
"Wayne County, Ohio","0500000US39169","115710","57789","718","57458","3599","6340","39","169"
"Wood County, Ohio","0500000US39173","130817","66577","799","63791","9015","9588","39","173"
"Canadian County, Oklahoma","0500000US40017","148306","74915","880","73635","8886","9393","40","017"
"Cleveland County, Oklahoma","0500000US40027","284014","141914","926","64290","19270","20257","40","027"
"Comanche County, Oklahoma","0500000US40031","120749","57036","819","51300","4896","4755","40","031"
"Creek County, Oklahoma","0500000US40037","71522","36306","784","54969","2490","3645","40","037"
"Muskogee County, Oklahoma","0500000US40101","67997","34528","686","42450","2875","4081","40","101"
"Oklahoma County, Oklahoma","0500000US40109","797434","407004","872","56235","50530","55210","40","109"
"Payne County, Oklahoma","0500000US40119","81784","40982","789","41272","3889","5618","40","119"
"Pottawatomie County, Oklahoma","0500000US40125","72592","37536","752","53511","2470","3943","40","125"
"Rogers County, Oklahoma","0500000US40131","92459","46468","891","66132","4659","5858","40","131"
"Tulsa County, Oklahoma","0500000US40143","651552","333513","868","57483","44424","51278","40","143"
"Wagoner County, Oklahoma","0500000US40145","81289","40786","929","64319","3954","4945","40","145"
"Benton County, Oregon","0500000US41003","93053","46972","1158","70835","8224","9280","41","003"
"Clackamas County, Oregon","0500000US41005","418187","211424","1349","80294","34416","36906","41","005"
"Deschutes County, Oregon","0500000US41017","197692","99370","1388","71643","16613","17606","41","017"
"Douglas County, Oregon","0500000US41019","110980","56715","861","48585","3280","4545","41","019"
"Jackson County, Oregon","0500000US41029","220944","113262","1052","56450","11990","13549","41","029"
"Josephine County, Oregon","0500000US41033","87487","45146","1041","47573","2257","4750","41","033"
"Klamath County, Oregon","0500000US41035","68238","34660","809","56348","2736","3695","41","035"
"Lane County, Oregon","0500000US41039","382067","194964","1034","57325","23433","27425","41","039"
"Linn County, Oregon","0500000US41043","129749","65254","1034","61488","5759","5334","41","043"
"Marion County, Oregon","0500000US41047","347818","174666","1071","64306","19361","19449","41","047"
"Multnomah County, Oregon","0500000US41051","812855","409935","1312","72900","82084","89050","41","051"
"Polk County, Oregon","0500000US41053","86085","43947","1143","72914","4451","6393","41","053"
"Umatilla County, Oregon","0500000US41059","77950","37297","826","60425","2704","3463","41","059"
"Washington County, Oregon","0500000US41067","601592","304011","1434","85734","54824","54538","41","067"
"Yamhill County, Oregon","0500000US41071","107100","54120","1186","72904","5270","6606","41","071"
"Adams County, Pennsylvania","0500000US42001","103009","52095","911","67715","4215","4481","42","001"
"Allegheny County, Pennsylvania","0500000US42003","1216045","627739","911","64871","112223","107241","42","003"
"Armstrong County, Pennsylvania","0500000US42005","64735","32325","706","57636","2677","2628","42","005"
"Beaver County, Pennsylvania","0500000US42007","163929","84710","729","60672","10231","11000","42","007"
"Berks County, Pennsylvania","0500000US42011","421164","213764","936","67708","22079","24790","42","011"
"Blair County, Pennsylvania","0500000US42013","121829","61987","717","51004","5930","7157","42","013"
"Bucks County, Pennsylvania","0500000US42017","628270","319857","1257","93767","54665","58095","42","017"
"Butler County, Pennsylvania","0500000US42019","187853","95568","889","72262","16907","16034","42","019"
"Cambria County, Pennsylvania","0500000US42021","130192","66339","620","49076","5598","6810","42","021"
"Carbon County, Pennsylvania","0500000US42025","64182","32124","880","61111","3022","2704","42","025"
"Centre County, Pennsylvania","0500000US42027","162385","77508","995","60706","9958","11827","42","027"
"Chester County, Pennsylvania","0500000US42029","524989","265684","1393","102016","56678","58318","42","029"
"Clearfield County, Pennsylvania","0500000US42033","79255","37076","718","45643","3193","2974","42","033"
"Columbia County, Pennsylvania","0500000US42037","64964","33531","702","54570","3370","3605","42","037"
"Crawford County, Pennsylvania","0500000US42039","84629","43507","676","49428","4040","4014","42","039"
"Cumberland County, Pennsylvania","0500000US42041","253370","127921","960","75391","21317","20744","42","041"
"Dauphin County, Pennsylvania","0500000US42043","278299","142739","953","60733","19132","18875","42","043"
"Delaware County, Pennsylvania","0500000US42045","566747","293830","1089","77339","42518","48662","42","045"
"Erie County, Pennsylvania","0500000US42049","269728","137903","756","51818","15864","19005","42","049"
"Fayette County, Pennsylvania","0500000US42051","129274","65594","697","48509","5533","5662","42","051"
"Franklin County, Pennsylvania","0500000US42055","155027","78735","899","62484","6419","8131","42","055"
"Indiana County, Pennsylvania","0500000US42063","84073","42000","708","51914","3201","4753","42","063"
"Lackawanna County, Pennsylvania","0500000US42069","209674","107970","792","53826","12903","14461","42","069"
"Lancaster County, Pennsylvania","0500000US42071","545724","279054","1046","67376","33111","35049","42","071"
"Lawrence County, Pennsylvania","0500000US42073","85512","43978","658","50547","3721","5278","42","073"
"Lebanon County, Pennsylvania","0500000US42075","141793","71959","882","61204","6130","7353","42","075"
"Lehigh County, Pennsylvania","0500000US42077","369318","188463","1103","65667","23453","23894","42","077"
"Luzerne County, Pennsylvania","0500000US42079","317417","160674","810","53972","14288","14704","42","079"
"Lycoming County, Pennsylvania","0500000US42081","113299","57427","755","53881","4830","7588","42","081"
"Mercer County, Pennsylvania","0500000US42085","109424","55851","686","54543","5354","6042","42","085"
"Monroe County, Pennsylvania","0500000US42089","170271","85941","1199","62413","10572","9723","42","089"
"Montgomery County, Pennsylvania","0500000US42091","830915","427045","1324","92302","79496","87698","42","091"
"Northampton County, Pennsylvania","0500000US42095","305285","154756","1135","74328","18747","22723","42","095"
"Northumberland County, Pennsylvania","0500000US42097","90843","44862","695","47349","3556","4084","42","097"
"Philadelphia County, Pennsylvania","0500000US42101","1584064","834603","1079","47474","95247","100525","42","101"
"Schuylkill County, Pennsylvania","0500000US42107","141359","68583","705","56295","5720","6219","42","107"
"Somerset County, Pennsylvania","0500000US42111","73447","35107","600","48895","2988","3322","42","111"
"Washington County, Pennsylvania","0500000US42125","206865","105263","819","65431","15044","15157","42","125"
"Westmoreland County, Pennsylvania","0500000US42129","348899","177630","699","59073","25120","24411","42","129"
"York County, Pennsylvania","0500000US42133","449058","226308","950","69172","26956","27447","42","133"
"Kent County, Rhode Island","0500000US44003","164292","84882","1094","74474","11631","13841","44","003"
"Newport County, Rhode Island","0500000US44005","82082","42190","1465","81652","8303","8453","44","005"
"Providence County, Rhode Island","0500000US44007","638931","326373","990","62994","40053","40758","44","007"
"Washington County, Rhode Island","0500000US44009","125577","64126","1254","90003","11536","13690","44","009"
"Aiken County, South Carolina","0500000US45003","170872","90063","862","55634","10091","13130","45","003"
"Anderson County, South Carolina","0500000US45007","202558","105706","778","54322","9293","12638","45","007"
"Beaufort County, South Carolina","0500000US45013","192122","98702","1189","74127","16167","16396","45","013"
"Berkeley County, South Carolina","0500000US45015","227907","113658","1212","69398","13462","12886","45","015"
"Charleston County, South Carolina","0500000US45019","411406","212861","1229","71531","42074","41606","45","019"
"Darlington County, South Carolina","0500000US45031","66618","34752","664","44606","2701","3078","45","031"
"Dorchester County, South Carolina","0500000US45035","162809","84111","1149","68200","9312","12261","45","035"
"Florence County, South Carolina","0500000US45041","138293","73083","790","50082","6435","7566","45","041"
"Greenville County, South Carolina","0500000US45045","523542","269585","952","64412","41450","42890","45","045"
"Greenwood County, South Carolina","0500000US45047","70811","37589","747","42148","3417","4115","45","047"
"Horry County, South Carolina","0500000US45051","354081","184348","1019","53694","19219","21570","45","051"
"Kershaw County, South Carolina","0500000US45055","66551","34986","698","55198","3622","3605","45","055"
"Lancaster County, South Carolina","0500000US45057","98012","52265","846","63924","5767","5148","45","057"
"Laurens County, South Carolina","0500000US45059","67493","34088","701","47218","3530","2505","45","059"
"Lexington County, South Carolina","0500000US45063","298750","154692","908","61631","19699","20255","45","063"
"Oconee County, South Carolina","0500000US45073","79546","40781","776","48204","3981","4648","45","073"
"Orangeburg County, South Carolina","0500000US45075","86175","45991","691","37701","2246","4054","45","075"
"Pickens County, South Carolina","0500000US45077","126884","64166","778","52190","6462","5520","45","077"
"Richland County, South Carolina","0500000US45079","415759","215864","963","52293","31027","34447","45","079"
"Spartanburg County, South Carolina","0500000US45083","319785","164664","841","55339","16901","17613","45","083"
"Sumter County, South Carolina","0500000US45085","106721","54275","848","51025","3595","6123","45","085"
"York County, South Carolina","0500000US45091","280979","145775","1057","66949","20866","22263","45","091"
"Minnehaha County, South Dakota","0500000US46099","193134","94199","838","61968","17078","15687","46","099"
"Pennington County, South Dakota","0500000US46103","113775","55895","841","58085","7234","9136","46","103"
"Anderson County, Tennessee","0500000US47001","76978","39596","817","49044","3220","3647","47","001"
"Blount County, Tennessee","0500000US47009","133088","68784","874","59276","5931","8142","47","009"
"Bradley County, Tennessee","0500000US47011","108110","55865","777","52468","5511","6750","47","011"
"Davidson County, Tennessee","0500000US47037","694144","359592","1192","63938","63123","73984","47","037"
"Greene County, Tennessee","0500000US47059","69069","34878","630","44722","1773","3858","47","059"
"Hamilton County, Tennessee","0500000US47065","367804","189401","903","57502","26828","31289","47","065"
"Knox County, Tennessee","0500000US47093","470313","243769","924","60283","32660","38484","47","093"
"Madison County, Tennessee","0500000US47113","97984","52221","902","49820","5186","5821","47","113"
"Maury County, Tennessee","0500000US47119","96387","48919","913","66781","5400","6676","47","119"
"Montgomery County, Tennessee","0500000US47125","208993","105204","928","56948","11001","13751","47","125"
"Putnam County, Tennessee","0500000US47141","80245","40941","745","49282","3990","6026","47","141"
"Robertson County, Tennessee","0500000US47147","71813","35970","955","66939","3726","4323","47","147"
"Rutherford County, Tennessee","0500000US47149","332285","168781","1147","69397","20813","21875","47","149"
"Sevier County, Tennessee","0500000US47155","98250","51180","849","57741","4314","5419","47","155"
"Shelby County, Tennessee","0500000US47157","937166","491704","960","52614","48357","69088","47","157"
"Sullivan County, Tennessee","0500000US47163","158348","80843","664","51860","9181","9747","47","163"
"Sumner County, Tennessee","0500000US47165","191283","97712","1069","68743","12365","15000","47","165"
"Washington County, Tennessee","0500000US47179","129375","66173","770","51428","7918","8071","47","179"
"Williamson County, Tennessee","0500000US47187","238412","121673","1603","115507","31004","29680","47","187"
"Wilson County, Tennessee","0500000US47189","144657","73563","1060","80071","10832","12123","47","189"
"Angelina County, Texas","0500000US48005","86715","44626","806","53320","2401","3619","48","005"
"Bastrop County, Texas","0500000US48021","88723","44714","1230","57938","2556","3495","48","021"
"Bell County, Texas","0500000US48027","362924","181702","924","54560","14975","19301","48","027"
"Bexar County, Texas","0500000US48029","2003554","1013592","1046","58964","107799","122616","48","029"
"Bowie County, Texas","0500000US48037","93245","47316","780","51802","3400","4210","48","037"
"Brazoria County, Texas","0500000US48039","374264","185945","1177","84904","22233","26967","48","039"
"Brazos County, Texas","0500000US48041","229211","114685","966","55121","13460","16117","48","041"
"Cameron County, Texas","0500000US48061","423163","216810","787","41123","15670","13972","48","061"
"Collin County, Texas","0500000US48085","1034730","524735","1457","96134","107826","114450","48","085"
"Comal County, Texas","0500000US48091","156209","79790","1151","89315","15271","13057","48","091"
"Coryell County, Texas","0500000US48099","75951","37814","834","53504","2309","3276","48","099"
"Dallas County, Texas","0500000US48113","2635516","1335470","1173","61796","162218","182033","48","113"
"Denton County, Texas","0500000US48121","887207","452697","1293","90523","89697","90775","48","121"
"Ector County, Texas","0500000US48135","166223","81580","1141","67205","4501","5537","48","135"
"Ellis County, Texas","0500000US48139","184826","92793","1122","78797","10082","11033","48","139"
"El Paso County, Texas","0500000US48141","839238","424631","849","48903","38896","46521","48","141"
"Fort Bend County, Texas","0500000US48157","811688","413211","1547","101293","70113","76025","48","157"
"Galveston County, Texas","0500000US48167","342139","174977","1148","74977","20974","24810","48","167"
"Grayson County, Texas","0500000US48181","136212","69777","906","57476","6073","7219","48","181"
"Gregg County, Texas","0500000US48183","123945","63560","867","53793","5896","6281","48","183"
"Guadalupe County, Texas","0500000US48187","166847","84417","1208","79768","9780","11859","48","187"
"Harris County, Texas","0500000US48201","4713325","2373696","1114","61618","293896","325342","48","201"
"Harrison County, Texas","0500000US48203","66553","34184","848","58817","2941","2928","48","203"
"Hays County, Texas","0500000US48209","230191","116556","1154","72058","17394","16958","48","209"
"Henderson County, Texas","0500000US48213","82737","42515","804","51521","2650","3769","48","213"
"Hidalgo County, Texas","0500000US48215","868707","442416","763","41800","30318","36375","48","215"
"Hunt County, Texas","0500000US48231","98594","49988","995","58063","2843","5264","48","231"
"Jefferson County, Texas","0500000US48245","251565","122943","900","55797","11189","12052","48","245"
"Johnson County, Texas","0500000US48251","175817","87814","1064","66319","5921","9563","48","251"
"Kaufman County, Texas","0500000US48257","136154","68324","1098","75775","5658","6350","48","257"
"Liberty County, Texas","0500000US48291","88219","46013","730","50049","1708","3122","48","291"
"Lubbock County, Texas","0500000US48303","310569","158071","964","55003","17239","18846","48","303"
"McLennan County, Texas","0500000US48309","256623","131368","880","50845","10801","14921","48","309"
"Midland County, Texas","0500000US48329","176832","87927","1448","82558","11402","10700","48","329"
"Montgomery County, Texas","0500000US48339","607391","307803","1223","88695","42462","49186","48","339"
"Nacogdoches County, Texas","0500000US48347","65204","33258","684","47572","2419","3255","48","347"
"Nueces County, Texas","0500000US48355","362294","182860","1041","56789","16876","18385","48","355"
"Orange County, Texas","0500000US48361","83396","42775","850","69052","4819","4320","48","361"
"Parker County, Texas","0500000US48367","142878","71812","1036","83262","6705","9121","48","367"
"Potter County, Texas","0500000US48375","117415","56882","802","37297","2954","3741","48","375"
"Randall County, Texas","0500000US48381","137713","70314","941","70651","9760","11526","48","381"
"Rockwall County, Texas","0500000US48397","104915","53089","1333","103378","6306","10032","48","397"
"San Patricio County, Texas","0500000US48409","66730","32897","1085","57899","2076","2726","48","409"
"Smith County, Texas","0500000US48423","232751","120877","994","59584","14110","14020","48","423"
"Tarrant County, Texas","0500000US48439","2102515","1074277","1147","70139","151021","162583","48","439"
"Taylor County, Texas","0500000US48441","138034","70870","899","55351","7038","7690","48","441"
"Tom Green County, Texas","0500000US48451","119200","60808","958","55988","5295","5083","48","451"
"Travis County, Texas","0500000US48453","1273954","631039","1346","80726","144189","145503","48","453"
"Victoria County, Texas","0500000US48469","92084","47714","973","57358","2683","4441","48","469"
"Walker County, Texas","0500000US48471","72971","29871","882","47170","3699","2421","48","471"
"Webb County, Texas","0500000US48479","276652","141335","855","56084","10588","12879","48","479"
"Wichita County, Texas","0500000US48485","132230","64236","777","51749","5127","6088","48","485"
"Williamson County, Texas","0500000US48491","590551","300107","1373","92179","55000","57120","48","491"
"Wise County, Texas","0500000US48497","69984","34474","793","71421","3710","2275","48","497"
"Cache County, Utah","0500000US49005","128289","64641","851","62507","6649","8800","49","005"
"Davis County, Utah","0500000US49011","355481","176223","1175","87427","27683","24715","49","011"
"Salt Lake County, Utah","0500000US49035","1160437","579375","1185","80119","90089","91196","49","035"
"Tooele County, Utah","0500000US49045","72259","35705","967","80973",,,"49","045"
"Utah County, Utah","0500000US49049","636235","315017","1128","79545","46147","46880","49","049"
"Washington County, Utah","0500000US49053","177556","89588","1002","63595","9587","9856","49","053"
"Weber County, Utah","0500000US49057","260213","129362","973","72206","14716","16846","49","057"
"Chittenden County, Vermont","0500000US50007","163774","83111","1274","76806","16659","15745","50","007"
"Albemarle County, Virginia","0500000US51003","109330","55708","1266","86399","9639","12693","51","003"
"Arlington County, Virginia","0500000US51013","236842","119478","1993","119755","32662","28255","51","013"
"Augusta County, Virginia","0500000US51015","75558","36640","901","62668","3225","4684","51","015"
"Bedford County, Virginia","0500000US51019","78997","40122","880","69125","4776","6063","51","019"
"Chesterfield County, Virginia","0500000US51041","352802","182421","1263","81297","27202","32181","51","041"
"Fairfax County, Virginia","0500000US51059","1147532","578076","1900","128374","116075","131078","51","059"
"Fauquier County, Virginia","0500000US51061","71222","36830","1214","104809","4757","6322","51","061"
"Frederick County, Virginia","0500000US51069","89313","45091","1128","86229","4581","5194","51","069"
"Hanover County, Virginia","0500000US51085","107766","55211","1196","89812","9540","8917","51","085"
"Henrico County, Virginia","0500000US51087","330818","172936","1230","68024","26699","31555","51","087"
"James City County, Virginia","0500000US51095","76523","40207","1311","91674","5601","9290","51","095"
"Loudoun County, Virginia","0500000US51107","413538","208164","1876","151800","48786","49673","51","107"
"Montgomery County, Virginia","0500000US51121","98535","48041","996","60045","5531","6583","51","121"
"Prince William County, Virginia","0500000US51153","470335","235351","1741","106861","36421","41106","51","153"
"Roanoke County, Virginia","0500000US51161","94186","48494","954","71715","8321","8226","51","161"
"Rockingham County, Virginia","0500000US51165","81948","41427","982","69423","3984","4536","51","165"
"Spotsylvania County, Virginia","0500000US51177","136215","68400","1447","91073","8927","9239","51","177"
"Stafford County, Virginia","0500000US51179","152882","75942","1383","110446","11406","12553","51","179"
"York County, Virginia","0500000US51199","68280","35525","1544","91241","5358","6929","51","199"
"Alexandria city, Virginia","0500000US51510","159428","82496","1781","103284","17371","21419","51","510"
"Chesapeake city, Virginia","0500000US51550","244835","125423","1225","77847","14020","18309","51","550"
"Hampton city, Virginia","0500000US51650","134510","69463","1100","56930","6677","7833","51","650"
"Lynchburg city, Virginia","0500000US51680","82168","43139","886","54850","4919","5841","51","680"
"Newport News city, Virginia","0500000US51700","179225","92787","1088","53029","7758","10383","51","700"
"Norfolk city, Virginia","0500000US51710","242742","115941","1021","53093","13010","15812","51","710"
"Portsmouth city, Virginia","0500000US51740","94398","50060","1042","51195","3791","5273","51","740"
"Richmond city, Virginia","0500000US51760","230436","120424","1078","51285","17181","21560","51","760"
"Roanoke city, Virginia","0500000US51770","99143","51827","822","45838","3792","5667","51","770"
"Suffolk city, Virginia","0500000US51800","92108","46982","1241","80481","6048","6221","51","800"
"Virginia Beach city, Virginia","0500000US51810","449974","228830","1363","79054","31077","40087","51","810"
"Benton County, Washington","0500000US53005","204390","102342","1019","72084","14404","12786","53","005"
"Chelan County, Washington","0500000US53007","77200","38342","980","59161","4938","4434","53","007"
"Clallam County, Washington","0500000US53009","77331","39015","941","57126","4562","4638","53","009"
"Clark County, Washington","0500000US53011","488241","246631","1377","80555","34951","34081","53","011"
"Cowlitz County, Washington","0500000US53015","110593","55823","934","55497","3446","4564","53","015"
"Franklin County, Washington","0500000US53021","95222","46459","1037","61951","3413","2893","53","021"
"Grant County, Washington","0500000US53025","97733","48949","810","56997","4544","4037","53","025"
"Grays Harbor County, Washington","0500000US53027","75061","37182","857","61026","2725","3582","53","027"
"Island County, Washington","0500000US53029","85141","41491","1402","72066","5348","7089","53","029"
"King County, Washington","0500000US53033","2252782","1122291","1736","102594","260628","253256","53","033"
"Kitsap County, Washington","0500000US53035","271473","133103","1433","79624","20431","23422","53","035"
"Lewis County, Washington","0500000US53041","80707","39605","842","58911","2602","4346","53","041"
"Mason County, Washington","0500000US53045","66768","32326","948","63983","3388","2707","53","045"
"Pierce County, Washington","0500000US53053","904980","453469","1362","79243","54317","59900","53","053"
"Skagit County, Washington","0500000US53057","129205","66242","1084","67175","8064","8117","53","057"
"Snohomish County, Washington","0500000US53061","822083","409791","1509","89260","62323","63778","53","061"
"Spokane County, Washington","0500000US53063","522798","263625","943","59974","31908","37939","53","063"
"Thurston County, Washington","0500000US53067","290536","148718","1255","78512","18929","22162","53","067"
"Whatcom County, Washington","0500000US53073","229247","116323","1134","69372","14043","20491","53","073"
"Yakima County, Washington","0500000US53077","250873","125108","839","56233","7732","9271","53","077"
"Berkeley County, West Virginia","0500000US54003","119171","60218","984","62370","4561","7180","54","003"
"Cabell County, West Virginia","0500000US54011","91945","46460","738","40788","5143","5986","54","011"
"Harrison County, West Virginia","0500000US54033","67256","34587","758","54314","3881","3809","54","033"
"Kanawha County, West Virginia","0500000US54039","178124","92409","712","47759","9396","10135","54","039"
"Monongalia County, West Virginia","0500000US54061","105612","51698","794","55940","7027","6470","54","061"
"Raleigh County, West Virginia","0500000US54081","73361","36772","745","46540","3262","2913","54","081"
"Wood County, West Virginia","0500000US54107","83518","43202","648","47944","3385","4243","54","107"
"Brown County, Wisconsin","0500000US55009","264542","133682","795","64458","17250","21232","55","009"
"Dane County, Wisconsin","0500000US55025","546695","274973","1121","77504","56540","59616","55","025"
"Dodge County, Wisconsin","0500000US55027","87839","43289","842","61300","3702","4897","55","027"
"Eau Claire County, Wisconsin","0500000US55035","104646","52794","799","65662","6024","7960","55","035"
"Fond du Lac County, Wisconsin","0500000US55039","103403","54183","751","65329","4634","6562","55","039"
"Jefferson County, Wisconsin","0500000US55055","84769","42684","869","71708","4595","6822","55","055"
"Kenosha County, Wisconsin","0500000US55059","169561","86538","959","65997","9220","11250","55","059"
"La Crosse County, Wisconsin","0500000US55063","118016","60492","853","58921","8062","9061","55","063"
"Manitowoc County, Wisconsin","0500000US55071","78981","39004","751","60785","4080","4302","55","071"
"Marathon County, Wisconsin","0500000US55073","135692","67026","765","65851","7086","9055","55","073"
"Milwaukee County, Wisconsin","0500000US55079","945726","488311","887","53418","60973","69445","55","079"
"Outagamie County, Wisconsin","0500000US55087","187885","94328","818","66234","12351","14583","55","087"
"Ozaukee County, Wisconsin","0500000US55089","89221","45293","925","88154","8985","10237","55","089"
"Portage County, Wisconsin","0500000US55097","70772","35372","761","56358","5334","6061","55","097"
"Racine County, Wisconsin","0500000US55101","196311","98831","833","60779","11122","11758","55","101"
"Rock County, Wisconsin","0500000US55105","163354","83442","876","61243","7816","9382","55","105"
"St. Croix County, Wisconsin","0500000US55109","90687","45618","913","85594","7621","9020","55","109"
"Sheboygan County, Wisconsin","0500000US55117","115340","57425","750","60706","8694","7838","55","117"
"Walworth County, Wisconsin","0500000US55127","103868","51401","864","63549","6207","8043","55","127"
"Washington County, Wisconsin","0500000US55131","136034","68045","914","80513","9150","13296","55","131"
"Waukesha County, Wisconsin","0500000US55133","404198","205000","1071","90548","41597","44972","55","133"
"Winnebago County, Wisconsin","0500000US55139","171907","84929","795","58347","12195","13973","55","139"
"Wood County, Wisconsin","0500000US55141","72999","37137","725","56278","2847","3824","55","141"
"Laramie County, Wyoming","0500000US56021","99500","48734","841","70567","5892","6146","56","021"
"Natrona County, Wyoming","0500000US56025","79858","39580","777","65034","3538","4090","56","025"
"Arecibo Municipio, Puerto Rico","0500000US72013","81966","42945","451","18977","3976","7268","72","013"
"Bayamón Municipio, Puerto Rico","0500000US72021","169269","89840","542","27386","9448","17563","72","021"
"Caguas Municipio, Puerto Rico","0500000US72025","124606","66829","525","24507","8265","12667","72","025"
"Carolina Municipio, Puerto Rico","0500000US72031","146984","79973","639","27658","10677","17365","72","031"
"Guaynabo Municipio, Puerto Rico","0500000US72061","83728","44369","644","37499","8028","10099","72","061"
"Mayagüez Municipio, Puerto Rico","0500000US72097","71530","37439","363","14525","4022","4950","72","097"
"Ponce Municipio, Puerto Rico","0500000US72113","131881","68612","373","15130","8122","12128","72","113"
"San Juan Municipio, Puerto Rico","0500000US72127","318441","172866","526","23005","22207","33509","72","127"
"Toa Alta Municipio, Puerto Rico","0500000US72135","72025","37509","717","28440","3805","6001","72","135"
"Toa Baja Municipio, Puerto Rico","0500000US72137","74271","39677","592","23368","4392","6359","72","137"
"Trujillo Alto Municipio, Puerto Rico","0500000US72139","63674","35156","483","32244","5009","8558","72","139"
