NAME,GEO_ID,total_population,female_population,median_gross_rent_in_dollars,median_household_income_past12months,male_bachelors_degree_25yrs_above,female_bachelors_degree_25yrs_above,state,county
"Baldwin County, Alabama","0500000US01003","239294","123598","1096","63866","18672","17853","01","003"
"Calhoun County, Alabama","0500000US01015","115972","60391","718","46524","3524","6094","01","015"
"Cullman County, Alabama","0500000US01043","89496","45165","799","55517","4398","4497","01","043"
"DeKalb County, Alabama","0500000US01049","71813","35861","623","41800","1679","2411","01","049"
"Elmore County, Alabama","0500000US01051","89304","45300","882","59032","4019","4356","01","051"
"Etowah County, Alabama","0500000US01055","103162","53428","717","45298","2990","4630","01","055"
"Houston County, Alabama","0500000US01069","107458","55658","807","46931","5288","4905","01","069"
"Jefferson County, Alabama","0500000US01073","667820","350544","976","55006","45093","53075","01","073"
"Lauderdale County, Alabama","0500000US01077","94043","48876","751","50218","5737","5371","01","077"
"Lee County, Alabama","0500000US01081","177218","90136","895","52424","10478","12701","01","081"
"Limestone County, Alabama","0500000US01083","107517","54193","803","66796","6744","6950","01","083"
"Madison County, Alabama","0500000US01089","395211","199932","1014","78525","34242","39910","01","089"
"Marshall County, Alabama","0500000US01095","98228","50889","718","50191","4363","4425","01","095"
"Mobile County, Alabama","0500000US01097","413073","215219","925","49721","15693","21996","01","097"
"Montgomery County, Alabama","0500000US01101","227434","121111","953","50385","11533","17742","01","101"
"Morgan County, Alabama","0500000US01103","123668","63127","629","55286","6604","7861","01","103"
"St. Clair County, Alabama","0500000US01115","92748","45820","906","60433","3027","4250","01","115"
"Shelby County, Alabama","0500000US01117","226902","117277","1194","84260","25216","23401","01","117"
"Talladega County, Alabama","0500000US01121","81524","42942","709","45063","3062","3384","01","121"
"Tuscaloosa County, Alabama","0500000US01125","227007","117192","917","56559","10286","12534","01","125"
"Anchorage Municipality, Alaska","0500000US02020","288121","140474","1335","86654","19643","25095","02","020"
"Fairbanks North Star Borough, Alaska","0500000US02090","95593","43593","1228","72149","5659","9122","02","090"
"Matanuska-Susitna Borough, Alaska","0500000US02170","110686","53042","1221","78856","4705","6285","02","170"
"Apache County, Arizona","0500000US04001","65623","33601","641","40628","1815","2206","04","001"
"Cochise County, Arizona","0500000US04003","126050","62127","793","56600","7192","7572","04","003"
"Coconino County, Arizona","0500000US04005","145052","73968","1306","64533","9985","11293","04","005"
"Maricopa County, Arizona","0500000US04013","4496588","2261635","1389","76247","344060","336777","04","013"
"Mohave County, Arizona","0500000US04015","217692","107202","885","46616","7815","7951","04","015"
"Navajo County, Arizona","0500000US04017","108147","53725","649","49449","3126","4488","04","017"
"Pima County, Arizona","0500000US04019","1052030","531832","1008","60667","65597","73703","04","019"
"Pinal County, Arizona","0500000US04021","449557","217290","1177","70993","21405","20286","04","021"
"Yavapai County, Arizona","0500000US04025","242253","123050","1101","57230","15412","17971","04","025"
"Yuma County, Arizona","0500000US04027","206990","99308","906","57304","7663","6783","04","027"
"Benton County, Arkansas","0500000US05007","293692","146508","1053","78691","21472","23344","05","007"
"Craighead County, Arkansas","0500000US05031","112218","57471","820","50186","7212","7430","05","031"
"Faulkner County, Arkansas","0500000US05045","125106","63593","896","55635","7582","8893","05","045"
"Garland County, Arkansas","0500000US05051","100330","52089","801","47694","5261","5853","05","051"
"Jefferson County, Arkansas","0500000US05069","65861","32771","785","48499","3452","4456","05","069"
"Lonoke County, Arkansas","0500000US05085","74722","37588","892","63641","2741","3608","05","085"
"Pulaski County, Arkansas","0500000US05119","397821","207813","927","52479","28080","31945","05","119"
"Saline County, Arkansas","0500000US05125","125233","62828","997","67345","7948","8864","05","125"
"Sebastian County, Arkansas","0500000US05131","128400","65670","696","47874","6046","6062","05","131"
"Washington County, Arkansas","0500000US05143","250057","124984","928","65125","14017","16868","05","143"
"White County, Arkansas","0500000US05145","77207","39811","737","51402","2786","3830","05","145"
"Alameda County, California","0500000US06001","1648556","831764","2036","109729","157664","170281","06","001"
"Butte County, California","0500000US06007","208309","105080","1238","64738","14828","14433","06","007"
"Contra Costa County, California","0500000US06013","1161413","590694","2075","111080","103015","119899","06","013"
"El Dorado County, California","0500000US06017","193221","97153","1589","87491","18013","20348","06","017"
"Fresno County, California","0500000US06019","1013581","505429","1164","63656","46073","53377","06","019"
"Humboldt County, California","0500000US06023","136310","68883","1191","54752","9077","10517","06","023"
"Imperial County, California","0500000US06025","179851","86503","913","51809","3419","7075","06","025"
"Kern County, California","0500000US06029","917673","445966","1103","58217","29140","38847","06","029"
"Kings County, California","0500000US06031","153443","68256","1184","62155","4166","3532","06","031"
"Lake County, California","0500000US06033","68766","34345","1109","61221","3771","4037","06","033"
"Los Angeles County, California","0500000US06037","9829544","4958636","1711","77456","744697","809617","06","037"
"Madera County, California","0500000US06039","159410","80820","1081","63454","4643","6696","06","039"
"Marin County, California","0500000US06041","260206","132060","2362","118209","28296","35120","06","041"
"Mendocino County, California","0500000US06045","91305","46554","1194","59444","4302","4994","06","045"
"Merced County, California","0500000US06047","286461","141240","1160","53992","7894","8578","06","047"
"Monterey County, California","0500000US06053","437325","214826","1767","82163","18548","24615","06","053"
"Napa County, California","0500000US06055","136207","68005","1862","97213","9785","13931","06","055"
"Nevada County, California","0500000US06057","103487","52570","1513","79519","10121","10490","06","057"
"Orange County, California","0500000US06059","3167809","1596746","2090","100559","294759","298148","06","059"
"Placer County, California","0500000US06061","412300","209287","1823","103659","40762","40977","06","061"
"Riverside County, California","0500000US06065","2458395","1224301","1587","79024","123468","126522","06","065"
"Sacramento County, California","0500000US06067","1588921","805991","1512","80063","111161","116632","06","067"
"San Benito County, California","0500000US06069","66677","33255","1622","101923","2986","3537","06","069"
"San Bernardino County, California","0500000US06071","2194710","1096300","1518","74846","99601","115506","06","071"
"San Diego County, California","0500000US06073","3286069","1621352","1908","91003","293934","285992","06","073"
"San Francisco County, California","0500000US06075","815201","397888","2167","121826","111343","112816","06","075"
"San Joaquin County, California","0500000US06077","789410","393239","1484","80681","30930","36662","06","077"
"San Luis Obispo County, California","0500000US06079","283159","140514","1716","80615","22304","24858","06","079"
"San Mateo County, California","0500000US06081","737888","370486","2502","131796","73605","80486","06","081"
"Santa Barbara County, California","0500000US06083","446475","221511","1859","84846","29812","30769","06","083"
"Santa Clara County, California","0500000US06085","1885508","922377","2467","141562","185159","188838","06","085"
"Santa Cruz County, California","0500000US06087","267792","134453","1960","93933","20852","21392","06","087"
"Shasta County, California","0500000US06089","182139","92630","1105","61125","9605","11269","06","089"
"Solano County, California","0500000US06095","451716","225768","1877","87770","27585","34754","06","095"
"Sonoma County, California","0500000US06097","485887","247131","1900","94295","38337","44972","06","097"
"Stanislaus County, California","0500000US06099","552999","276019","1358","73982","20360","25717","06","099"
"Sutter County, California","0500000US06101","99063","48237","1195","64251","4536","3558","06","101"
"Tehama County, California","0500000US06103","65498","32346","980","48810","1623","3226","06","103"
"Tulare County, California","0500000US06107","477054","236814","1061","58209","13829","14178","06","107"
"Ventura County, California","0500000US06111","839784","421408","2032","96454","58615","65270","06","111"
"Yolo County, California","0500000US06113","216986","111377","1605","78146","11398","16986","06","113"
"Yuba County, California","0500000US06115","83421","41671","1053","63303","2957","2988","06","115"
"Adams County, Colorado","0500000US08001","522140","256908","1581","81258","32573","33936","08","001"
"Arapahoe County, Colorado","0500000US08005","654900","327803","1585","84386","65620","64908","08","005"
"Boulder County, Colorado","0500000US08013","329543","163271","1732","90168","37571","37523","08","013"
"Broomfield County, Colorado","0500000US08014","75325","38030","1931","107638","9431","9497","08","014"
"Denver County, Colorado","0500000US08031","711463","353181","1549","81630","83131","88374","08","031"
"Douglas County, Colorado","0500000US08035","368990","182907","1858","129299","46418","46637","08","035"
"El Paso County, Colorado","0500000US08041","737867","363103","1451","79427","56499","66278","08","041"
"Jefferson County, Colorado","0500000US08059","579581","287633","1582","94549","66508","64248","08","059"
"Larimer County, Colorado","0500000US08069","362533","181397","1463","78109","39100","38778","08","069"
"Mesa County, Colorado","0500000US08077","157335","77958","939","64055","10107","12620","08","077"
"Pueblo County, Colorado","0500000US08101","169622","85714","890","56689","9779","11079","08","101"
"Weld County, Colorado","0500000US08123","340036","167213","1333","85290","20958","23592","08","123"
"Fairfield County, Connecticut","0500000US09001","959768","489339","1644","100810","91703","94782","09","001"
"Hartford County, Connecticut","0500000US09003","896854","458308","1221","80069","68544","74120","09","003"
"Litchfield County, Connecticut","0500000US09005","185000","92379","1110","84978","12392","16467","09","005"
"Middlesex County, Connecticut","0500000US09007","164759","83913","1306","94887","12926","17654","09","007"
"New Haven County, Connecticut","0500000US09009","863700","444746","1235","75295","59251","67092","09","009"
"New London County, Connecticut","0500000US09011","268805","134856","1202","78828","17804","20171","09","011"
"Tolland County, Connecticut","0500000US09013","150293","75510","1225","82778","11804","11288","09","013"
"Windham County, Connecticut","0500000US09015","116418","58501","987","72068","5354","6338","09","015"
"Kent County, Delaware","0500000US10001","184149","95303","1180","64308","8537","10602","10","001"
"New Castle County, Delaware","0500000US10003","571708","293944","1236","73854","42338","48866","10","003"
"Sussex County, Delaware","0500000US10005","247527","128229","1107","70556","17143","18809","10","005"
"District of Columbia, District of Columbia","0500000US11001","670050","351025","1668","90088","58701","62070","11","001"
"Alachua County, Florida","0500000US12001","279238","144122","1134","56445","16764","20109","12","001"
"Bay County, Florida","0500000US12005","179168","89128","1244","60557","10754","13338","12","005"
"Brevard County, Florida","0500000US12009","616628","312987","1197","65333","43896","47008","12","009"
"Broward County, Florida","0500000US12011","1930983","983304","1498","65747","141006","156569","12","011"
"Charlotte County, Florida","0500000US12015","194843","99618","1207","59285","12340","14653","12","015"
"Citrus County, Florida","0500000US12017","158083","80576","1036","47197","7890","8922","12","017"
"Clay County, Florida","0500000US12019","222361","113154","1302","76679","13146","16353","12","019"
"Collier County, Florida","0500000US12021","385980","194917","1503","74215","33601","35360","12","021"
"Columbia County, Florida","0500000US12023","70385","32967","742","54077","2927","3435","12","023"
"Duval County, Florida","0500000US12031","999935","513397","1203","59980","74814","79560","12","031"
"Escambia County, Florida","0500000US12033","322390","161582","1096","54228","17645","21482","12","033"
"Flagler County, Florida","0500000US12035","120932","61996","1376","62618","9396","10209","12","035"
"Hernando County, Florida","0500000US12053","200638","102319","1057","56868","9244","12348","12","053"
"Highlands County, Florida","0500000US12055","103296","53194","917","48564","4454","4851","12","055"
"Hillsborough County, Florida","0500000US12057","1478194","750422","1334","65905","112044","121811","12","057"
"Indian River County, Florida","0500000US12061","163662","85337","1159","58972","14473","12965","12","061"
"Lake County, Florida","0500000US12069","395804","202770","1434","64795","23087","27956","12","069"
"Lee County, Florida","0500000US12071","787976","399645","1326","66256","55043","58303","12","071"
"Leon County, Florida","0500000US12073","292817","153966","1131","58118","22472","26257","12","073"
"Manatee County, Florida","0500000US12081","412703","212595","1309","68172","34121","33016","12","081"
"Marion County, Florida","0500000US12083","385915","199776","1072","55161","18926","23425","12","083"
"Martin County, Florida","0500000US12085","159942","82041","1239","64625","14654","13951","12","085"
"Miami-Dade County, Florida","0500000US12086","2662777","1358574","1517","59044","176575","203314","12","086"
"Monroe County, Florida","0500000US12087","82170","37884","1734","68563","6402","7059","12","087"
"Nassau County, Florida","0500000US12089","94189","47108","1400","75981","7894","8110","12","089"
"Okaloosa County, Florida","0500000US12091","213255","105768","1321","69823","15663","17104","12","091"
"Orange County, Florida","0500000US12095","1422746","720989","1428","64833","108153","120596","12","095"
"Osceola County, Florida","0500000US12097","403282","201750","1402","60585","22790","27232","12","097"
"Palm Beach County, Florida","0500000US12099","1497987","767544","1560","70002","122544","136079","12","099"
"Pasco County, Florida","0500000US12101","584067","297114","1195","59470","34919","40174","12","101"
"Pinellas County, Florida","0500000US12103","956615","493607","1276","61947","83183","96209","12","103"
"Polk County, Florida","0500000US12105","753520","382156","1110","56379","33703","44294","12","105"
"Putnam County, Florida","0500000US12107","74167","37820","784","33370","1448","2340","12","107"
"St. Johns County, Florida","0500000US12109","292466","149818","1657","91602","30793","30760","12","109"
"St. Lucie County, Florida","0500000US12111","343579","174171","1280","62797","20486","25279","12","111"
"Santa Rosa County, Florida","0500000US12113","193998","93007","1256","82059","13182","17248","12","113"
"Sarasota County, Florida","0500000US12115","447057","231446","1388","71761","41528","42826","12","115"
"Seminole County, Florida","0500000US12117","470093","240802","1410","70236","43288","51763","12","117"
"Sumter County, Florida","0500000US12119","135638","67994","1099","64608","11774","13452","12","119"
"Volusia County, Florida","0500000US12127","564412","288896","1137","58380","32370","39083","12","127"
"Walton County, Florida","0500000US12131","80069","41798","1390","61787","7645","6708","12","131"
"Barrow County, Georgia","0500000US13013","86658","42442","1053","65273","3686","4004","13","013"
"Bartow County, Georgia","0500000US13015","110843","58021","1203","71523","6166","6475","13","015"
"Bibb County, Georgia","0500000US13021","156762","82489","896","48176","6446","7130","13","021"
"Bulloch County, Georgia","0500000US13031","82442","42289","946","57656","3856","4321","13","031"
"Carroll County, Georgia","0500000US13045","121968","63365","980","58473","3428","5842","13","045"
"Catoosa County, Georgia","0500000US13047","68397","35650","885","65576","3173","3882","13","047"
"Chatham County, Georgia","0500000US13051","296329","153800","1216","61843","20572","25220","13","051"
"Cherokee County, Georgia","0500000US13057","274615","141101","1456","96267","27406","27292","13","057"
"Clarke County, Georgia","0500000US13059","128711","67310","1048","50447","7632","9235","13","059"
"Clayton County, Georgia","0500000US13063","297100","156276","1176","51233","14451","16246","13","063"
"Cobb County, Georgia","0500000US13067","766802","393182","1413","88029","79634","86248","13","067"
"Columbia County, Georgia","0500000US13073","159639","81232","1129","84220","10729","12637","13","073"
"Coweta County, Georgia","0500000US13077","149956","77339","1337","84788","10821","10019","13","077"
"DeKalb County, Georgia","0500000US13089","757718","398804","1363","70985","63993","72493","13","089"
"Dougherty County, Georgia","0500000US13095","84844","45635","809","42067","2770","3867","13","095"
"Douglas County, Georgia","0500000US13097","145814","76994","1268","65046","8163","10386","13","097"
"Effingham County, Georgia","0500000US13103","66741","32999","985","74460","3063","4417","13","103"
"Fayette County, Georgia","0500000US13113","120574","61534","1691","90806","11094","12725","13","113"
"Floyd County, Georgia","0500000US13115","98771","49990","830","60825","3393","5353","13","115"
"Forsyth County, Georgia","0500000US13117","260206","130633","1883","118814","30758","28927","13","117"
"Fulton County, Georgia","0500000US13121","1065334","548679","1434","83192","127116","126504","13","121"
"Glynn County, Georgia","0500000US13127","84739","44546","1042","61984","5564","4899","13","127"
"Gwinnett County, Georgia","0500000US13135","964546","491918","1484","74622","75347","83811","13","135"
"Hall County, Georgia","0500000US13139","207369","104554","1062","66719","12425","11029","13","139"
"Henry County, Georgia","0500000US13151","245235","129469","1334","74614","15683","18427","13","151"
"Houston County, Georgia","0500000US13153","166829","86400","994","72848","7530","10185","13","153"
"Jackson County, Georgia","0500000US13157","80286","39801","982","72116","4548","5859","13","157"
"Liberty County, Georgia","0500000US13179","65711","33843","1086","48624","2772","3649","13","179"
"Lowndes County, Georgia","0500000US13185","119276","61273","842","42242","4945","4942","13","185"
"Muscogee County, Georgia","0500000US13215","205617","106034","923","52734","11054","12506","13","215"
"Newton County, Georgia","0500000US13217","115355","61707","1207","75589","3850","7821","13","217"
"Paulding County, Georgia","0500000US13223","173780","88372","1462","93815","8963","13199","13","223"
"Richmond County, Georgia","0500000US13245","205673","104676","942","48048","7099","10771","13","245"
"Rockdale County, Georgia","0500000US13247","94082","49772","1138","66267","5456","5625","13","247"
"Spalding County, Georgia","0500000US13255","67909","35125","981","54585","3046","2828","13","255"
"Troup County, Georgia","0500000US13285","69720","34915","842","49187","2432","2849","13","285"
"Walker County, Georgia","0500000US13295","68510","34812","763","43672","2100","3474","13","295"
"Walton County, Georgia","0500000US13297","99853","50010","1060","73151","3786","6266","13","297"
"Whitfield County, Georgia","0500000US13313","102848","50306","830","55519","2828","3846","13","313"
"Hawaii County, Hawaii","0500000US15001","202906","101684","1328","69473","13915","14097","15","001"
"Honolulu County, Hawaii","0500000US15003","1000890","495113","1884","90704","73736","88517","15","003"
"Kauai County, Hawaii","0500000US15007","73454","36451","1639","80582","5051","7535","15","007"
"Maui County, Hawaii","0500000US15009","164268","82681","1592","76273","10667","13331","15","009"
"Ada County, Idaho","0500000US16001","511931","254596","1292","79279","45392","50161","16","001"
"Bannock County, Idaho","0500000US16005","88263","43803","739","60736","5441","6352","16","005"
"Bonneville County, Idaho","0500000US16019","127930","65825","907","68614","7019","9360","16","019"
"Canyon County, Idaho","0500000US16027","243115","121939","1134","64314","10585","11875","16","027"
"Kootenai County, Idaho","0500000US16055","179789","89778","1176","67593","10783","11523","16","055"
"Twin Falls County, Idaho","0500000US16083","92243","45703","830","52880","4076","5137","16","083"
"Champaign County, Illinois","0500000US17019","205943","103745","915","56847","10553","14398","17","019"
"Cook County, Illinois","0500000US17031","5173146","2647475","1232","72092","418103","453992","17","031"
"DeKalb County, Illinois","0500000US17037","100414","50511","955","65615","6267","6918","17","037"
"DuPage County, Illinois","0500000US17043","924885","466564","1465","99577","93123","96763","17","043"
"Kane County, Illinois","0500000US17089","515588","257350","1211","91336","38217","41833","17","089"
"Kankakee County, Illinois","0500000US17091","106601","53707","922","63364","4097","5245","17","091"
"Kendall County, Illinois","0500000US17093","134867","66565","1191","91560","9931","9516","17","093"
"Lake County, Illinois","0500000US17097","711239","353564","1274","95796","61817","67780","17","097"
"LaSalle County, Illinois","0500000US17099","108965","52864","738","64673","5600","4947","17","099"
"McHenry County, Illinois","0500000US17111","311122","155077","1250","91887","24361","25851","17","111"
"McLean County, Illinois","0500000US17113","170889","86168","858","69612","15000","16158","17","113"
"Macon County, Illinois","0500000US17115","102432","53516","719","46807","4093","5105","17","115"
"Madison County, Illinois","0500000US17119","264490","135426","871","65663","16098","17102","17","119"
"Peoria County, Illinois","0500000US17143","179432","91990","813","55949","12015","14198","17","143"
"Rock Island County, Illinois","0500000US17161","142909","72631","807","57895","7366","7910","17","161"
"St. Clair County, Illinois","0500000US17163","254796","132136","931","67530","14255","17133","17","163"
"Sangamon County, Illinois","0500000US17167","194734","100524","859","68466","13807","15977","17","167"
"Tazewell County, Illinois","0500000US17179","130413","65758","820","63621","10069","9013","17","179"
"Vermilion County, Illinois","0500000US17183","73095","37032","741","49091","2644","2612","17","183"
"Will County, Illinois","0500000US17197","697252","348450","1284","93752","51346","56672","17","197"
"Williamson County, Illinois","0500000US17199","66879","33215","815","54859","3566","4208","17","199"
"Winnebago County, Illinois","0500000US17201","283119","144582","885","56132","13688","17260","17","201"
"Allen County, Indiana","0500000US18003","388608","196753","873","62542","24256","27462","18","003"
"Bartholomew County, Indiana","0500000US18005","82475","39720","1015","73564","5221","5792","18","005"
"Boone County, Indiana","0500000US18011","73052","36538","1219","98867","8505","7252","18","011"
"Clark County, Indiana","0500000US18019","122738","63060","928","62231","6705","10002","18","019"
"Delaware County, Indiana","0500000US18035","111871","58005","753","50497","4720","6027","18","035"
"Elkhart County, Indiana","0500000US18039","206921","105006","903","60143","8434","10446","18","039"
"Floyd County, Indiana","0500000US18043","80454","40926","918","66596","4308","5352","18","043"
"Grant County, Indiana","0500000US18053","66263","34517","723","49401","3380","3002","18","053"
"Hamilton County, Indiana","0500000US18057","356650","181066","1375","102452","47412","46584","18","057"
"Hancock County, Indiana","0500000US18059","81789","40691","1052","79182","6075","6958","18","059"
"Hendricks County, Indiana","0500000US18063","179355","89180","1187","89228","15405","16822","18","063"
"Howard County, Indiana","0500000US18067","83687","42421","879","55088","4089","4363","18","067"
"Johnson County, Indiana","0500000US18081","164298","82021","1027","78697","9152","13150","18","081"
"Kosciusko County, Indiana","0500000US18085","80106","39701","890","65540","3685","4689","18","085"
"Lake County, Indiana","0500000US18089","498558","255760","993","61443","19815","31881","18","089"
"LaPorte County, Indiana","0500000US18091","112390","53768","888","63714","5239","5347","18","091"
"Madison County, Indiana","0500000US18095","130782","64883","776","53785","5964","8010","18","095"
"Marion County, Indiana","0500000US18097","971102","501350","960","58560","63140","77250","18","097"
"Monroe County, Indiana","0500000US18105","139875","69322","986","51945","9712","10249","18","105"
"Morgan County, Indiana","0500000US18109","72206","36564","862","67848","3000","3113","18","109"
"Porter County, Indiana","0500000US18127","174243","87842","1096","80547","10838","12664","18","127"
"St. Joseph County, Indiana","0500000US18141","272212","138218","906","59189","16635","17619","18","141"
"Tippecanoe County, Indiana","0500000US18157","187076","91689","917","52617","12874","14430","18","157"
"Vanderburgh County, Indiana","0500000US18163","179987","92407","865","53171","9540","11259","18","163"
"Vigo County, Indiana","0500000US18167","105994","52355","800","46802","3804","5371","18","167"
"Wayne County, Indiana","0500000US18177","66456","34479","733","50138","2152","2711","18","177"
"Black Hawk County, Iowa","0500000US19013","130368","66686","839","60264","6538","8814","19","013"
"Dallas County, Iowa","0500000US19049","103796","52474","1037","90750","12024","11542","19","049"
"Dubuque County, Iowa","0500000US19061","98718","49959","863","75590","6710","8361","19","061"
"Johnson County, Iowa","0500000US19103","154748","77559","976","67134","12930","15073","19","103"
"Linn County, Iowa","0500000US19113","228939","114348","854","69420","17591","20698","19","113"
"Polk County, Iowa","0500000US19153","496844","249642","976","73292","41225","44637","19","153"
"Pottawattamie County, Iowa","0500000US19155","93304","47217","861","66542","5327","6354","19","155"
"Scott County, Iowa","0500000US19163","174170","87265","857","65566","13700","13208","19","163"
"Story County, Iowa","0500000US19169","99472","48445","887","63774","7693","7909","19","169"
"Woodbury County, Iowa","0500000US19193","105607","51727","828","59376","4358","5789","19","193"
"Butler County, Kansas","0500000US20015","67889","33140","854","71274","5124","4875","20","015"
"Douglas County, Kansas","0500000US20045","119363","58878","870","56576","10211","10886","20","045"
"Johnson County, Kansas","0500000US20091","613219","311202","1214","92945","72118","72659","20","091"
"Leavenworth County, Kansas","0500000US20103","82184","37004","957","83028","4808","6401","20","103"
"Riley County, Kansas","0500000US20161","72208","33445","882","57335","5509","4939","20","161"
"Sedgwick County, Kansas","0500000US20173","523828","263939","868","60364","32489","34632","20","173"
"Shawnee County, Kansas","0500000US20177","178264","91845","862","55499","11712","14855","20","177"
"Wyandotte County, Kansas","0500000US20209","167046","82137","984","55605","6008","8731","20","209"
"Boone County, Kentucky","0500000US21015","137412","68842","1122","83877","9702","9001","21","015"
"Bullitt County, Kentucky","0500000US21029","82918","41955","903","68269","2398","2867","21","029"
"Campbell County, Kentucky","0500000US21037","93050","47212","961","71701","7944","8328","21","037"
"Christian County, Kentucky","0500000US21047","72357","34356","904","47754","1840","2898","21","047"
"Daviess County, Kentucky","0500000US21059","103063","53089","748","59307","4979","7270","21","059"
"Fayette County, Kentucky","0500000US21067","321793","163561","968","60942","26909","29186","21","067"
"Hardin County, Kentucky","0500000US21093","111607","55529","828","61089","5191","6058","21","093"
"Jefferson County, Kentucky","0500000US21111","777874","400054","979","60561","53936","59347","21","111"
"Kenton County, Kentucky","0500000US21117","169495","84626","888","70171","15626","14595","21","117"
"McCracken County, Kentucky","0500000US21145","67454","34756","872","64082","3120","5922","21","145"
"Madison County, Kentucky","0500000US21151","94666","47477","765","52425","4997","6178","21","151"
"Oldham County, Kentucky","0500000US21185","68685","32094","892","110041","5807","6529","21","185"
"Pulaski County, Kentucky","0500000US21199","65423","33351","634","44561","1975","2672","21","199"
"Warren County, Kentucky","0500000US21227","137212","69999","826","59752","8998","8344","21","227"
"Ascension Parish, Louisiana","0500000US22005","128369","65991","1120","72662","9843","6186","22","005"
"Bossier Parish, Louisiana","0500000US22015","129144","65506","1061","59041","7567","10571","22","015"
"Caddo Parish, Louisiana","0500000US22017","233092","122474","865","44022","9821","10957","22","017"
"Calcasieu Parish, Louisiana","0500000US22019","205282","105998","988","58020","9839","14067","22","019"
"East Baton Rouge Parish, Louisiana","0500000US22033","453301","236706","1020","51432","28096","37745","22","033"
"Iberia Parish, Louisiana","0500000US22045","68975","35741","798","49447","1541","2720","22","045"
"Jefferson Parish, Louisiana","0500000US22051","433688","223732","1047","56282","25246","30719","22","051"
"Lafayette Parish, Louisiana","0500000US22055","244205","124252","889","59093","18186","18782","22","055"
"Lafourche Parish, Louisiana","0500000US22057","97504","49942","786","59637","3977","4986","22","057"
"Livingston Parish, Louisiana","0500000US22063","145830","74116","1070","75682","6234","9602","22","063"
"Orleans Parish, Louisiana","0500000US22071","376971","198577","1082","46942","26193","35199","22","071"
"Ouachita Parish, Louisiana","0500000US22073","158768","82141","811","47400","8096","8972","22","073"
"Rapides Parish, Louisiana","0500000US22079","128654","67076","859","45183","4815","8008","22","079"
"St. Landry Parish, Louisiana","0500000US22097","82071","41565","648","38599","2435","3631","22","097"
"St. Tammany Parish, Louisiana","0500000US22103","269388","138116","1168","66582","21414","26034","22","103"
"Tangipahoa Parish, Louisiana","0500000US22105","135217","69424","846","52872","5404","6188","22","105"
"Terrebonne Parish, Louisiana","0500000US22109","108708","56914","827","63100","3610","6435","22","109"
"Androscoggin County, Maine","0500000US23001","111034","56490","866","62958","5450","7060","23","001"
"Aroostook County, Maine","0500000US23003","66859","33413","665","52849","3061","3643","23","003"
"Cumberland County, Maine","0500000US23005","305231","156736","1298","80982","32228","36721","23","005"
"Kennebec County, Maine","0500000US23011","124486","64376","856","60528","8869","9975","23","011"
"Penobscot County, Maine","0500000US23019","152765","77258","875","56250","8624","12497","23","019"
"York County, Maine","0500000US23031","214591","108891","1117","73875","17107","18452","23","031"
"Allegany County, Maryland","0500000US24001","67729","31541","662","48888","3213","2394","24","001"
"Anne Arundel County, Maryland","0500000US24003","590336","296717","1795","107823","48614","53511","24","003"
"Baltimore County, Maryland","0500000US24005","849316","445535","1371","80453","58160","67624","24","005"
"Calvert County, Maryland","0500000US24009","93928","46589","1499","122266","6594","5126","24","009"
"Carroll County, Maryland","0500000US24013","173873","86854","1332","102476","14804","15309","24","013"
"Cecil County, Maryland","0500000US24015","103905","51649","1142","75692","5204","6436","24","015"
"Charles County, Maryland","0500000US24017","168698","86407","1715","105493","9085","13162","24","017"
"Frederick County, Maryland","0500000US24021","279835","142045","1543","104780","22085","27009","24","021"
"Harford County, Maryland","0500000US24025","262977","132676","1391","96328","20550","21402","24","025"
"Howard County, Maryland","0500000US24027","334529","170105","1808","133267","33774","35290","24","027"
"Montgomery County, Maryland","0500000US24031","1054827","541400","1821","112854","94252","104412","24","031"
"Prince George's County, Maryland","0500000US24033","955306","494106","1563","90182","59037","71347","24","033"
"St. Mary's County, Maryland","0500000US24037","114468","57372","1442","108397","7517","7651","24","037"
"Washington County, Maryland","0500000US24043","154937","76559","990","65367","7091","7844","24","043"
"Wicomico County, Maryland","0500000US24045","103980","54156","1124","63333","5982","5862","24","045"
"Baltimore city, Maryland","0500000US24510","576498","305955","1167","54652","35991","42206","24","510"
"Barnstable County, Massachusetts","0500000US25001","232411","121180","1470","83537","21909","26883","25","001"
"Berkshire County, Massachusetts","0500000US25003","128657","66667","948","60749","9384","10644","25","003"
"Bristol County, Massachusetts","0500000US25005","580164","297623","1031","73102","36899","41324","25","005"
"Essex County, Massachusetts","0500000US25009","807074","415389","1458","87433","63683","75754","25","009"
"Franklin County, Massachusetts","0500000US25011","71015","36830","1048","69771","5037","7278","25","011"
"Hampden County, Massachusetts","0500000US25013","462718","238931","999","61747","27298","31114","25","013"
"Hampshire County, Massachusetts","0500000US25015","161572","86857","1303","77495","11281","12758","25","015"
"Middlesex County, Massachusetts","0500000US25017","1614742","817323","1874","112764","163907","167173","25","017"
"Norfolk County, Massachusetts","0500000US25021","724505","372760","1823","115357","76229","77325","25","021"
"Plymouth County, Massachusetts","0500000US25023","533003","272333","1433","100082","48631","49721","25","023"
"Suffolk County, Massachusetts","0500000US25025","771245","399019","1788","78155","66101","70308","25","025"
"Worcester County, Massachusetts","0500000US25027","862029","434759","1197","84952","69182","73226","25","027"
"Allegan County, Michigan","0500000US26005","120950","60284","948","74371","6490","6621","26","005"
"Bay County, Michigan","0500000US26017","102985","51638","666","56911","4497","6205","26","017"
"Berrien County, Michigan","0500000US26021","153101","78284","831","57535","9236","12555","26","021"
"Calhoun County, Michigan","0500000US26025","133819","68376","821","55192","6124","8524","26","025"
"Clinton County, Michigan","0500000US26037","79426","39378","982","76534","5204","6146","26","037"
"Eaton County, Michigan","0500000US26045","108944","55486","959","70133","6450","8628","26","045"
"Genesee County, Michigan","0500000US26049","404208","208165","870","52025","18702","23274","26","049"
"Grand Traverse County, Michigan","0500000US26055","95860","49158","1143","65651","7715","7535","26","055"
"Ingham County, Michigan","0500000US26065","284034","144604","928","57226","19568","23148","26","065"
"Ionia County, Michigan","0500000US26067","67197","31581","749","65729","2042","3413","26","067"
"Jackson County, Michigan","0500000US26075","160050","77986","865","58254","8187","9235","26","075"
"Kalamazoo County, Michigan","0500000US26077","261108","132884","898","62128","19190","19735","26","077"
"Kent County, Michigan","0500000US26081","658046","331110","1059","72021","53424","57905","26","081"
"Lapeer County, Michigan","0500000US26087","88513","43205","867","71479","3821","4835","26","087"
"Lenawee County, Michigan","0500000US26091","98956","49077","935","61257","4421","7039","26","091"
"Livingston County, Michigan","0500000US26093","195014","96305","1237","91344","20193","19567","26","093"
"Macomb County, Michigan","0500000US26099","876792","446922","1069","67527","50026","58030","26","099"
"Marquette County, Michigan","0500000US26103","66103","32324","872","55301","4619","4840","26","103"
"Midland County, Michigan","0500000US26111","83457","41664","941","67707","7012","6902","26","111"
"Monroe County, Michigan","0500000US26115","155274","77909","893","65512","7085","8393","26","115"
"Montcalm County, Michigan","0500000US26117","67220","32327","759","55832","1822","2868","26","117"
"Muskegon County, Michigan","0500000US26121","176511","89321","869","55462","7647","8568","26","121"
"Oakland County, Michigan","0500000US26125","1270017","642866","1203","86523","125083","129736","26","125"
"Ottawa County, Michigan","0500000US26139","299157","151338","1007","79116","21950","23494","26","139"
"Saginaw County, Michigan","0500000US26145","189591","97153","818","50606","7478","10168","26","145"
"St. Clair County, Michigan","0500000US26147","160053","80045","906","60992","6179","7473","26","147"
"Shiawassee County, Michigan","0500000US26155","67877","34019","760","51959","2876","3646","26","155"
"Van Buren County, Michigan","0500000US26159","75658","37592","711","59081","3672","4166","26","159"
"Washtenaw County, Michigan","0500000US26161","369390","186453","1225","76918","30157","34828","26","161"
"Wayne County, Michigan","0500000US26163","1774816","915509","975","52605","94099","104445","26","163"
"Anoka County, Minnesota","0500000US27003","367018","182900","1247","88410","28654","30702","27","003"
"Blue Earth County, Minnesota","0500000US27013","69280","33750","949","69858","3770","5220","27","013"
"Carver County, Minnesota","0500000US27019","108626","54691","1344","102694","13792","11996","27","019"
"Clay County, Minnesota","0500000US27027","65574","32155","829","67539","6188","7062","27","027"
"Crow Wing County, Minnesota","0500000US27035","67270","33330","840","63921","4357","4680","27","035"
"Dakota County, Minnesota","0500000US27037","442038","222402","1296","93786","44815","43862","27","037"
"Hennepin County, Minnesota","0500000US27053","1267416","636904","1318","84244","150830","146549","27","053"
"Olmsted County, Minnesota","0500000US27109","163436","84084","1143","83070","12166","15674","27","109"
"Ramsey County, Minnesota","0500000US27123","543257","276883","1143","70518","47734","51049","27","123"
"Rice County, Minnesota","0500000US27131","67262","32414","1048","67267","3559","4075","27","131"
"St. Louis County, Minnesota","0500000US27137","199182","98819","909","64959","14513","15717","27","137"
"Scott County, Minnesota","0500000US27139","153268","76538","1291","106987","16716","16646","27","139"
"Sherburne County, Minnesota","0500000US27141","99074","48219","1075","90638","7029","5787","27","141"
"Stearns County, Minnesota","0500000US27145","158947","78708","854","65742","6116","10309","27","145"
"Washington County, Minnesota","0500000US27163","272256","136565","1502","104935","29007","31033","27","163"
"Wright County, Minnesota","0500000US27171","144845","71030","1038","99964","11317","14068","27","171"
"DeSoto County, Mississippi","0500000US28033","188633","98685","1192","70490","8795","13427","28","033"
"Forrest County, Mississippi","0500000US28035","77875","41067","868","46226","3307","3710","28","035"
"Harrison County, Mississippi","0500000US28047","209396","107384","925","55702","10983","14516","28","047"
"Hinds County, Mississippi","0500000US28049","222679","117736","936","40658","10509","16273","28","049"
"Jackson County, Mississippi","0500000US28059","143987","74648","916","57383","8419","10706","28","059"
"Jones County, Mississippi","0500000US28067","66744","33004","628","40116","1868","3145","28","067"
"Lamar County, Mississippi","0500000US28073","65353","34921","994","65334","5215","4208","28","073"
"Lauderdale County, Mississippi","0500000US28075","72088","36103","838","41174","2328","4070","28","075"
"Lee County, Mississippi","0500000US28081","82883","43898","791","59274","4806","6256","28","081"
"Madison County, Mississippi","0500000US28089","109813","57316","1011","75678","7477","11652","28","089"
"Rankin County, Mississippi","0500000US28121","158096","82109","1001","71241","10057","14446","28","121"
"Boone County, Missouri","0500000US29019","185840","95451","955","62296","14057","17268","29","019"
"Buchanan County, Missouri","0500000US29021","83853","41218","781","50113","4360","4636","29","021"
"Cape Girardeau County, Missouri","0500000US29031","82113","41905","820","61330","5541","7073","29","031"
"Cass County, Missouri","0500000US29037","109638","55676","1024","79554","5480","7612","29","037"
"Christian County, Missouri","0500000US29043","91499","47640","844","71343","5641","7442","29","043"
"Clay County, Missouri","0500000US29047","255518","128820","1034","74728","21811","19658","29","047"
"Cole County, Missouri","0500000US29051","77205","38461","684","63326","5939","5538","29","051"
"Franklin County, Missouri","0500000US29071","105231","52752","749","68410","4989","6372","29","071"
"Greene County, Missouri","0500000US29077","300865","153599","818","53127","20283","22506","29","077"
"Jackson County, Missouri","0500000US29095","716862","368585","1044","63459","52322","50479","29","095"
"Jasper County, Missouri","0500000US29097","123155","63158","891","52221","5172","7055","29","097"
"Jefferson County, Missouri","0500000US29099","227771","113576","868","67955","11826","11669","29","099"
"Platte County, Missouri","0500000US29165","108569","55079","1036","85157","10301","11792","29","165"
"St. Charles County, Missouri","0500000US29183","409981","207811","1140","91601","37661","39515","29","183"
"St. Francois County, Missouri","0500000US29187","67541","32888","692","47682","2240","2332","29","187"
"St. Louis County, Missouri","0500000US29189","997187","520696","1018","72378","87201","95481","29","189"
"St. Louis city, Missouri","0500000US29510","293310","150269","843","49965","23551","26633","29","510"
"Cascade County, Montana","0500000US30013","84511","40859","760","57706","4711","4168","30","013"
"Flathead County, Montana","0500000US30029","108454","53909","877","66126","8860","9384","30","029"
"Gallatin County, Montana","0500000US30031","122713","59240","1315","80763","14808","13596","30","031"
"Lewis and Clark County, Montana","0500000US30049","72223","35175","876","66686","6270","7375","30","049"
"Missoula County, Montana","0500000US30063","119533","59026","1034","66803","10873","10891","30","063"
"Yellowstone County, Montana","0500000US30111","167146","84598","932","69882","14221","14574","30","111"
"Douglas County, Nebraska","0500000US31055","585008","294537","1003","69290","47795","51714","31","055"
"Lancaster County, Nebraska","0500000US31109","324514","160482","905","64980","26201","28909","31","109"
"Sarpy County, Nebraska","0500000US31153","193418","96463","1157","87979","15483","18103","31","153"
"Clark County, Nevada","0500000US32003","2292476","1144776","1325","63677","141831","146820","32","003"
"Washoe County, Nevada","0500000US32031","493392","243111","1345","76220","35155","35225","32","031"
"Cheshire County, New Hampshire","0500000US33005","77329","38842","1055","67344","4146","5596","33","005"
"Grafton County, New Hampshire","0500000US33009","92201","46432","1182","80866","7189","8244","33","009"
"Hillsborough County, New Hampshire","0500000US33011","424079","211438","1393","91627","39502","37787","33","011"
"Merrimack County, New Hampshire","0500000US33013","155238","78219","1119","80918","11377","14802","33","013"
"Rockingham County, New Hampshire","0500000US33015","316947","159803","1451","104664","34252","33396","33","015"
"Strafford County, New Hampshire","0500000US33017","132416","66879","1303","95733","11835","11415","33","017"
"Atlantic County, New Jersey","0500000US34001","274966","141124","1208","66388","20758","20669","34","001"
"Bergen County, New Jersey","0500000US34003","953819","486114","1624","105171","100206","109730","34","003"
"Burlington County, New Jersey","0500000US34005","464269","234532","1465","94397","43713","49402","34","005"
"Camden County, New Jersey","0500000US34007","523771","269299","1209","78347","37255","41944","34","007"
"Cape May County, New Jersey","0500000US34009","95661","48983","971","78657","9023","9695","34","009"
"Cumberland County, New Jersey","0500000US34011","153627","74728","1131","58389","5599","6744","34","011"
"Essex County, New Jersey","0500000US34013","854917","440647","1319","66198","61457","66780","34","013"
"Gloucester County, New Jersey","0500000US34015","304477","155745","1298","94412","24915","24626","34","015"
"Hudson County, New Jersey","0500000US34017","702463","350362","1645","80329","72956","71167","34","017"
"Hunterdon County, New Jersey","0500000US34019","129924","64594","1574","121982","14215","15610","34","019"
"Mercer County, New Jersey","0500000US34021","385898","195925","1341","87662","29009","34984","34","021"
"Middlesex County, New Jersey","0500000US34023","860807","432429","1655","99427","77835","80656","34","023"
"Monmouth County, New Jersey","0500000US34025","645354","329808","1616","108000","71685","70122","34","025"
"Morris County, New Jersey","0500000US34027","510981","257450","1726","122962","55369","59486","34","027"
"Ocean County, New Jersey","0500000US34029","648998","333029","1537","75719","41501","48469","34","029"
"Passaic County, New Jersey","0500000US34031","518117","263155","1391","75430","32970","36930","34","031"
"Salem County, New Jersey","0500000US34033","65046","32792","1055","69886","3232","4445","34","033"
"Somerset County, New Jersey","0500000US34035","345647","175605","1750","124764","34758","38229","34","035"
"Sussex County, New Jersey","0500000US34037","145543","71604","1303","99904","13184","14236","34","037"
"Union County, New Jersey","0500000US34039","572114","289670","1413","86764","44470","47202","34","039"
"Warren County, New Jersey","0500000US34041","110731","55975","1169","81159","8744","10373","34","041"
"Bernalillo County, New Mexico","0500000US35001","674393","342080","946","59640","41009","51292","35","001"
"Doña Ana County, New Mexico","0500000US35013","221508","112324","751","45178","10515","13513","35","013"
"Lea County, New Mexico","0500000US35025","73004","35554","1033","50725","2065","1990","35","025"
"McKinley County, New Mexico","0500000US35031","71780","36610","868","41643","1341","2230","35","031"
"Otero County, New Mexico","0500000US35035","68537","31336","866","51214","2174","3326","35","035"
"Sandoval County, New Mexico","0500000US35043","151369","75505","1193","72151","11473","10685","35","043"
"San Juan County, New Mexico","0500000US35045","120993","60954","827","47819","3377","4118","35","045"
"Santa Fe County, New Mexico","0500000US35049","155201","79101","1166","67341","10819","14806","35","049"
"Valencia County, New Mexico","0500000US35061","77190","38277","838","48188","2310","2470","35","061"
"Albany County, New York","0500000US36001","313743","160789","1140","75232","24764","24006","36","001"
"Bronx County, New York","0500000US36005","1424948","749625","1313","43011","59015","78384","36","005"
"Broome County, New York","0500000US36007","197240","100187","832","55591","10613","10897","36","007"
"Cattaraugus County, New York","0500000US36009","76426","38050","680","55153","3275","3688","36","009"
"Cayuga County, New York","0500000US36011","75880","36260","870","63511","3320","3989","36","011"
"Chautauqua County, New York","0500000US36013","126807","63352","670","46661","5512","6734","36","013"
"Chemung County, New York","0500000US36015","83045","41226","873","60219","4887","4087","36","015"
"Clinton County, New York","0500000US36019","79596","38139","872","60285","3988","4235","36","019"
"Dutchess County, New York","0500000US36027","297112","147662","1331","88051","24873","24005","36","027"
"Erie County, New York","0500000US36029","950683","487019","916","63035","75133","72432","36","029"
"Jefferson County, New York","0500000US36045","116295","54366","1056","60398","7072","6216","36","045"
"Kings County, New York","0500000US36047","2641052","1383648","1628","67567","212359","236385","36","047"
"Madison County, New York","0500000US36053","67658","33922","775","67495","3653","3158","36","053"
"Monroe County, New York","0500000US36055","755160","388395","1001","65957","58466","60555","36","055"
"Nassau County, New York","0500000US36059","1390907","706784","1960","125696","129773","130625","36","059"
"New York County, New York","0500000US36061","1576876","826196","1866","84435","184924","210890","36","061"
"Niagara County, New York","0500000US36063","211653","107958","768","61340","13234","12848","36","063"
"Oneida County, New York","0500000US36065","230274","115240","820","60215","12160","13260","36","065"
"Onondaga County, New York","0500000US36067","473236","243471","924","65541","32234","34081","36","067"
"Ontario County, New York","0500000US36069","112508","57290","1008","77972","8317","8328","36","069"
"Orange County, New York","0500000US36071","404525","201524","1398","90405","23933","28071","36","071"
"Oswego County, New York","0500000US36075","117387","57596","841","59423","5161","5096","36","075"
"Putnam County, New York","0500000US36079","97936","48714","1629","106871","9273","9629","36","079"
"Queens County, New York","0500000US36081","2331143","1190635","1717","73262","174848","185620","36","081"
"Rensselaer County, New York","0500000US36083","160232","80876","997","75676","10217","13058","36","083"
"Richmond County, New York","0500000US36085","493494","250591","1442","86054","37882","40420","36","085"
"Rockland County, New York","0500000US36087","339227","173417","1717","99087","26791","24107","36","087"
"St. Lawrence County, New York","0500000US36089","108051","52037","757","55775","4362","4782","36","089"
"Saratoga County, New York","0500000US36091","237359","119738","1176","86804","21177","20766","36","091"
"Schenectady County, New York","0500000US36093","158089","81674","1009","75284","10253","11748","36","093"
"Steuben County, New York","0500000US36101","92948","46366","815","57378","3919","4689","36","101"
"Suffolk County, New York","0500000US36103","1526344","770050","2020","113683","116519","119805","36","103"
"Sullivan County, New York","0500000US36105","79806","38488","861","54276","4384","5467","36","105"
"Tompkins County, New York","0500000US36109","105162","53361","1272","66441","5985","7901","36","109"
"Ulster County, New York","0500000US36111","182951","92170","1234","78938","14444","15900","36","111"
"Warren County, New York","0500000US36113","65618","32663","972","73028","5087","4116","36","113"
"Wayne County, New York","0500000US36117","90923","45273","816","64993","5349","6108","36","117"
"Westchester County, New York","0500000US36119","997895","510184","1734","110705","88329","96170","36","119"
"Alamance County, North Carolina","0500000US37001","173877","89731","894","58400","10488","13325","37","001"
"Brunswick County, North Carolina","0500000US37019","144215","75920","1167","65374","12539","13689","37","019"
"Buncombe County, North Carolina","0500000US37021","271534","139382","1141","64532","23871","29902","37","021"
"Burke County, North Carolina","0500000US37023","87611","43809","744","55529","3698","5149","37","023"
"Cabarrus County, North Carolina","0500000US37025","231278","118778","1151","79672","17335","17709","37","025"
"Caldwell County, North Carolina","0500000US37027","80463","40771","601","41210","2975","4347","37","027"
"Carteret County, North Carolina","0500000US37031","68541","34254","871","62907","4670","5194","37","031"
"Catawba County, North Carolina","0500000US37035","161723","83123","813","59603","8446","9708","37","035"
"Chatham County, North Carolina","0500000US37037","77889","41729","751","84555","6622","9033","37","037"
"Cleveland County, North Carolina","0500000US37045","100359","51822","775","47150","2618","5055","37","045"
"Craven County, North Carolina","0500000US37049","100674","51025","1019","57359","4911","6682","37","049"
"Cumberland County, North Carolina","0500000US37051","335508","169481","1042","52372","17705","20517","37","051"
"Davidson County, North Carolina","0500000US37057","170637","86909","766","52205","8429","9689","37","057"
"Durham County, North Carolina","0500000US37063","326126","169905","1194","71403","28585","37712","37","063"
"Forsyth County, North Carolina","0500000US37067","385523","202626","875","59879","24855","32247","37","067"
"Franklin County, North Carolina","0500000US37069","71703","36108","913","64064","3131","4161","37","069"
"Gaston County, North Carolina","0500000US37071","230856","118469","962","54734","13482","14918","37","071"
"Guilford County, North Carolina","0500000US37081","542410","284759","990","60734","39732","49672","37","081"
"Harnett County, North Carolina","0500000US37085","135966","68182","997","62478","7075","7060","37","085"
"Henderson County, North Carolina","0500000US37089","116829","61093","983","59669","9789","10532","37","089"
"Iredell County, North Carolina","0500000US37097","191968","96896","1079","69410","15816","16186","37","097"
"Johnston County, North Carolina","0500000US37101","226504","115930","918","69394","12073","16138","37","101"
"Lincoln County, North Carolina","0500000US37109","89670","45555","836","74201","5079","7167","37","109"
"Mecklenburg County, North Carolina","0500000US37119","1122276","580172","1328","74890","116527","126161","37","119"
"Moore County, North Carolina","0500000US37125","102763","53164","1022","67160","7726","8659","37","125"
"Nash County, North Carolina","0500000US37127","95176","50176","826","56560","4681","4707","37","127"
"New Hanover County, North Carolina","0500000US37129","229018","120929","1187","66097","19575","26557","37","129"
"Onslow County, North Carolina","0500000US37133","206160","92406","1002","55534","5055","11373","37","133"
"Orange County, North Carolina","0500000US37135","148884","77793","1239","80294","11323","15816","37","135"
"Pitt County, North Carolina","0500000US37147","172169","90536","848","44450","8365","11255","37","147"
"Randolph County, North Carolina","0500000US37151","145172","73065","787","57367","5462","6652","37","151"
"Robeson County, North Carolina","0500000US37155","116328","60588","683","37008","2693","4221","37","155"
"Rockingham County, North Carolina","0500000US37157","91266","48163","732","42901","2345","4121","37","157"
"Rowan County, North Carolina","0500000US37159","148150","75447","818","56408","5485","8463","37","159"
"Surry County, North Carolina","0500000US37171","71152","36339","677","51950","2825","3635","37","171"
"Union County, North Carolina","0500000US37179","243648","122849","1142","86606","19819","19764","37","179"
"Wake County, North Carolina","0500000US37183","1150204","587611","1305","91299","129442","134216","37","183"
"Wayne County, North Carolina","0500000US37191","116835","60439","829","47595","4909","6437","37","191"
"Wilkes County, North Carolina","0500000US37193","65806","33047","641","43933","3084","3616","37","193"
"Wilson County, North Carolina","0500000US37195","78369","41178","898","47201","2900","3259","37","195"
"Burleigh County, North Dakota","0500000US38015","98933","48716","831","68424","9170","8567","38","015"
"Cass County, North Dakota","0500000US38017","186562","93225","807","66009","17119","17016","38","017"
"Grand Forks County, North Dakota","0500000US38035","72705","36074","979","65184","5591","4796","38","035"
"Ward County, North Dakota","0500000US38101","69071","32350","1020","71061",,,"38","101"
"Allen County, Ohio","0500000US39003","101670","50175","784","51497","4335","3629","39","003"
"Ashtabula County, Ohio","0500000US39007","97337","48001","742","46771","3142","4200","39","007"
"Belmont County, Ohio","0500000US39013","65849","31974","627","50993","2695","2580","39","013"
"Butler County, Ohio","0500000US39017","390234","197655","996","72820","23141","28883","39","017"
"Clark County, Ohio","0500000US39023","135633","69605","699","59431","4638","5862","39","023"
"Clermont County, Ohio","0500000US39025","209642","105784","887","69489","13817","14521","39","025"
"Columbiana County, Ohio","0500000US39029","101310","49906","641","49265","3934","3538","39","029"
"Cuyahoga County, Ohio","0500000US39035","1249387","649555","880","55132","86370","97286","39","035"
"Delaware County, Ohio","0500000US39041","220740","110390","1191","117224","25182","24599","39","041"
"Erie County, Ohio","0500000US39043","74852","37868","799","58403","5223","5489","39","043"
"Fairfield County, Ohio","0500000US39045","161064","80538","1019","81226","9857","12955","39","045"
"Franklin County, Ohio","0500000US39049","1321414","672872","1102","65988","110655","117069","39","049"
"Geauga County, Ohio","0500000US39055","95565","47701","994","91305","8653","7893","39","055"
"Greene County, Ohio","0500000US39057","168412","83992","919","79271","12059","13720","39","057"
"Hamilton County, Ohio","0500000US39061","826139","424480","906","64065","68111","71724","39","061"
"Hancock County, Ohio","0500000US39063","74656","37697","835","64024","5016","4559","39","063"
"Lake County, Ohio","0500000US39085","232023","117554","963","74273","18051","16003","39","085"
"Licking County, Ohio","0500000US39089","180401","90777","871","73325","11132","12740","39","089"
"Lorain County, Ohio","0500000US39093","315595","158556","842","62448","18647","19009","39","093"
"Lucas County, Ohio","0500000US39095","429191","221008","788","52687","25187","29054","39","095"
"Mahoning County, Ohio","0500000US39099","226762","114816","668","49520","13572","14279","39","099"
"Marion County, Ohio","0500000US39101","65291","30334","807","48919","2040","2384","39","101"
"Medina County, Ohio","0500000US39103","183092","92003","1080","86646","14979","16271","39","103"
"Miami County, Ohio","0500000US39109","109264","54634","796","64345","5267","5622","39","109"
"Montgomery County, Ohio","0500000US39113","535840","277243","856","56471","30659","32951","39","113"
"Muskingum County, Ohio","0500000US39119","86408","44130","676","51173","1854","3406","39","119"
"Portage County, Ohio","0500000US39133","162382","82505","868","64471","9372","9516","39","133"
"Richland County, Ohio","0500000US39139","125195","61620","718","51158","4872","4467","39","139"
"Ross County, Ohio","0500000US39141","76891","36341","834","50395","1939","3449","39","141"
"Scioto County, Ohio","0500000US39145","73346","37150","658","40522","2463","3113","39","145"
"Stark County, Ohio","0500000US39151","373834","191003","781","59127","19651","21565","39","151"
"Summit County, Ohio","0500000US39153","537633","276023","859","63117","40098","45919","39","153"
"Trumbull County, Ohio","0500000US39155","201335","102405","675","51057","9470","11133","39","155"
"Tuscarawas County, Ohio","0500000US39157","92500","46312","793","58060","3265","4051","39","157"
"Warren County, Ohio","0500000US39165","246553","122212","1207","95817","22852","21787","39","165"
"Wayne County, Ohio","0500000US39169","116710","58460","718","59666","5289","4983","39","169"
"Wood County, Ohio","0500000US39173","132472","66903","862","63620","8715","9617","39","173"
"Canadian County, Oklahoma","0500000US40017","161737","82105","1075","74768","12194","13208","40","017"
"Cleveland County, Oklahoma","0500000US40027","297597","149256","956","67172","20034","21072","40","027"
"Comanche County, Oklahoma","0500000US40031","122063","58097","792","49325","4494","7578","40","031"
"Creek County, Oklahoma","0500000US40037","72029","36071","826","52818","3072","3794","40","037"
"Muskogee County, Oklahoma","0500000US40101","66146","33813","719","43437","2530","3906","40","101"
"Oklahoma County, Oklahoma","0500000US40109","798575","406161","930","57764","53040","59692","40","109"
"Payne County, Oklahoma","0500000US40119","81989","39886","797","49348","5678","5145","40","119"
"Pottawatomie County, Oklahoma","0500000US40125","73019","36955","809","51451","2917","3599","40","125"
"Rogers County, Oklahoma","0500000US40131","96695","48074","891","68777","5658","6093","40","131"
"Tulsa County, Oklahoma","0500000US40143","672858","342555","921","58954","46947","52329","40","143"
"Wagoner County, Oklahoma","0500000US40145","84050","42489","879","70313","6134","5895","40","145"
"Benton County, Oregon","0500000US41003","96017","47886","1190","64163","7732","7750","41","003"
"Clackamas County, Oregon","0500000US41005","422537","212052","1500","91329","36806","42480","41","005"
"Deschutes County, Oregon","0500000US41017","204801","101618","1569","79796","21930","17074","41","017"
"Douglas County, Oregon","0500000US41019","111978","56248","864","51166","4613","5727","41","019"
"Jackson County, Oregon","0500000US41029","223734","114613","1146","64249","15514","17862","41","029"
"Josephine County, Oregon","0500000US41033","88346","44625","962","48785","4354","5481","41","033"
"Klamath County, Oregon","0500000US41035","70164","33947","921","46721","2691","3898","41","035"
"Lane County, Oregon","0500000US41039","383189","194392","1131","61712","24944","27488","41","039"
"Linn County, Oregon","0500000US41043","129839","64500","1105","65196","6847","6809","41","043"
"Marion County, Oregon","0500000US41047","347119","172572","1172","64406","17315","20917","41","047"
"Multnomah County, Oregon","0500000US41051","803377","404056","1386","78319","81532","95287","41","051"
"Polk County, Oregon","0500000US41053","89164","43932","1137","71532","5831","6423","41","053"
"Umatilla County, Oregon","0500000US41059","79988","37955","878","58329","2918","2720","41","059"
"Washington County, Oregon","0500000US41067","600811","300740","1565","92147","59618","60211","41","067"
"Yamhill County, Oregon","0500000US41071","108239","53995","1146","77256","6328","7587","41","071"
"Adams County, Pennsylvania","0500000US42001","104127","52285","888","72985","5762","6986","42","001"
"Allegheny County, Pennsylvania","0500000US42003","1238090","634171","972","69091","118283","115259","42","003"
"Armstrong County, Pennsylvania","0500000US42005","65093","32333","672","54039","2449","3084","42","005"
"Beaver County, Pennsylvania","0500000US42007","166624","84354","751","65003","12192","12476","42","007"
"Berks County, Pennsylvania","0500000US42011","429342","215693","1031","68658","22202","25181","42","011"
"Blair County, Pennsylvania","0500000US42013","121767","62076","726","57361","7756","7456","42","013"
"Bucks County, Pennsylvania","0500000US42017","646098","326302","1326","100144","65935","60076","42","017"
"Butler County, Pennsylvania","0500000US42019","194273","97143","954","78146","15582","18284","42","019"
"Cambria County, Pennsylvania","0500000US42021","132167","65941","716","52995","8933","6884","42","021"
"Carbon County, Pennsylvania","0500000US42025","65412","33341","806","57262","2202","2604","42","025"
"Centre County, Pennsylvania","0500000US42027","157527","74996","1021","66789","11728","10866","42","027"
"Chester County, Pennsylvania","0500000US42029","538649","271220","1536","109601","58376","66044","42","029"
"Clearfield County, Pennsylvania","0500000US42033","80082","37912","709","55193","4308","5065","42","033"
"Crawford County, Pennsylvania","0500000US42039","83351","41964","719","55593","2936","5100","42","039"
"Cumberland County, Pennsylvania","0500000US42041","262919","131160","1119","82691","21976","21129","42","041"
"Dauphin County, Pennsylvania","0500000US42043","287400","146063","1052","66454","18311","21942","42","043"
"Delaware County, Pennsylvania","0500000US42045","573849","296457","1208","78220","43710","51599","42","045"
"Erie County, Pennsylvania","0500000US42049","269011","136318","784","56851","17179","18472","42","049"
"Fayette County, Pennsylvania","0500000US42051","126931","63047","679","47981","5417","6286","42","051"
"Franklin County, Pennsylvania","0500000US42055","156289","78687","911","66715","7116","9145","42","055"
"Indiana County, Pennsylvania","0500000US42063","82886","41526","690","52023","4226","4068","42","063"
"Lackawanna County, Pennsylvania","0500000US42069","215663","109956","819","62136","14538","13111","42","069"
"Lancaster County, Pennsylvania","0500000US42071","553652","280255","1139","75688","32674","36252","42","071"
"Lawrence County, Pennsylvania","0500000US42073","85497","43918","668","59536","4089","3959","42","073"
"Lebanon County, Pennsylvania","0500000US42075","143493","71825","893","72732","7559","7155","42","075"
"Lehigh County, Pennsylvania","0500000US42077","375539","191294","1169","68738","25220","24730","42","077"
"Luzerne County, Pennsylvania","0500000US42079","326053","163856","866","60020","17188","19982","42","079"
"Lycoming County, Pennsylvania","0500000US42081","113605","57435","825","60494","6712","7302","42","081"
"Mercer County, Pennsylvania","0500000US42085","109972","56059","713","54067","7218","6754","42","085"
"Monroe County, Pennsylvania","0500000US42089","169273","83083","1103","78575","11949","11530","42","089"
"Montgomery County, Pennsylvania","0500000US42091","860578","438626","1428","102896","85610","94826","42","091"
"Northampton County, Pennsylvania","0500000US42095","313628","158681","1173","79578","23376","22692","42","095"
"Northumberland County, Pennsylvania","0500000US42097","91266","45077","646","50751","4065","5175","42","097"
"Philadelphia County, Pennsylvania","0500000US42101","1576251","826755","1181","52899","104911","105576","42","101"
"Schuylkill County, Pennsylvania","0500000US42107","143264","69215","716","58614","7038","6093","42","107"
"Somerset County, Pennsylvania","0500000US42111","73627","34903","674","54352","2615","3217","42","111"
"Washington County, Pennsylvania","0500000US42125","209470","106792","789","68408","14842","14949","42","125"
"Westmoreland County, Pennsylvania","0500000US42129","353057","178349","732","63064","25606","25054","42","129"
"York County, Pennsylvania","0500000US42133","458696","230139","1037","72949","27003","27259","42","133"
"Kent County, Rhode Island","0500000US44003","170715","87604","1086","73159","13193","14810","44","003"
"Newport County, Rhode Island","0500000US44005","85264","43115","1463","88090","9595","8787","44","005"
"Providence County, Rhode Island","0500000US44007","658221","334806","1116","67368","39272","41450","44","007"
"Washington County, Rhode Island","0500000US44009","130592","67504","1252","90427","11807","13772","44","009"
"Aiken County, South Carolina","0500000US45003","170776","87629","868","55138","11335","9706","45","003"
"Anderson County, South Carolina","0500000US45007","206908","106800","853","59037","11762","13449","45","007"
"Beaufort County, South Carolina","0500000US45013","191748","98742","1325","70501","17284","18727","45","013"
"Berkeley County, South Carolina","0500000US45015","236701","119691","1332","75004","14994","15587","45","015"
"Charleston County, South Carolina","0500000US45019","413024","213956","1346","72147","39683","45599","45","019"
"Dorchester County, South Carolina","0500000US45035","163327","83565","1160","70009","10561","12826","45","035"
"Florence County, South Carolina","0500000US45041","136504","72668","813","51860","5320","8133","45","041"
"Greenville County, South Carolina","0500000US45045","533834","274022","1077","68540","47154","49028","45","045"
"Greenwood County, South Carolina","0500000US45047","69241","37157","741","52636","2718","4185","45","047"
"Horry County, South Carolina","0500000US45051","365579","188118","1025","55819","22258","22422","45","051"
"Kershaw County, South Carolina","0500000US45055","66130","33733","817","47995","2115","3784","45","055"
"Lancaster County, South Carolina","0500000US45057","100336","49641","746","69796","8756","9289","45","057"
"Laurens County, South Carolina","0500000US45059","67803","34590","802","56624","3413","2474","45","059"
"Lexington County, South Carolina","0500000US45063","300137","152791","988","64800","20353","25435","45","063"
"Oconee County, South Carolina","0500000US45073","79203","40772","755","50393","4829","4596","45","073"
"Orangeburg County, South Carolina","0500000US45075","82962","44776","719","34685","3057","3495","45","075"
"Pickens County, South Carolina","0500000US45077","132229","65785","879","48489","5573","7865","45","077"
"Richland County, South Carolina","0500000US45079","418307","215289","1009","56439","30771","33274","45","079"
"Spartanburg County, South Carolina","0500000US45083","335864","172409","900","60472","16392","19664","45","083"
"Sumter County, South Carolina","0500000US45085","104758","54225","840","46003","5543","5010","45","085"
"York County, South Carolina","0500000US45091","288595","149822","1158","72772","23355","24109","45","091"
"Lincoln County, South Dakota","0500000US46083","67870","34655","1020","82898",,,"46","083"
"Minnehaha County, South Dakota","0500000US46099","199685","98547","858","72748","13283","16178","46","099"
"Pennington County, South Dakota","0500000US46103","111806","54456","975","64057","8725","9386","46","103"
"Anderson County, Tennessee","0500000US47001","77576","39135","908","60364","3809","4961","47","001"
"Blount County, Tennessee","0500000US47009","137605","70662","903","62102","6610","9598","47","009"
"Bradley County, Tennessee","0500000US47011","110162","56167","874","56139","4618","4132","47","011"
"Davidson County, Tennessee","0500000US47037","703953","364367","1316","65348","70257","72711","47","037"
"Greene County, Tennessee","0500000US47059","70621","35616","633","56488","2291","3810","47","059"
"Hamilton County, Tennessee","0500000US47065","369135","190240","1007","66096","28230","30558","47","065"
"Knox County, Tennessee","0500000US47093","486677","249423","1023","64894","38516","41830","47","093"
"Madison County, Tennessee","0500000US47113","98775","52527","934","53720","5343","6394","47","113"
"Maury County, Tennessee","0500000US47119","104760","54424","1084","68840","6549","7779","47","119"
"Montgomery County, Tennessee","0500000US47125","227900","114102","1092","63331","13946","13283","47","125"
"Putnam County, Tennessee","0500000US47141","81188","41299","759","52278","4471","5336","47","141"
"Robertson County, Tennessee","0500000US47147","74098","37183","939","65139","4132","3915","47","147"
"Rutherford County, Tennessee","0500000US47149","352182","177218","1234","78201","28077","30433","47","149"
"Sevier County, Tennessee","0500000US47155","99517","49939","870","50239","4038","4555","47","155"
"Shelby County, Tennessee","0500000US47157","924454","484923","1043","54841","55932","71769","47","157"
"Sullivan County, Tennessee","0500000US47163","159265","81457","754","48063","8890","9857","47","163"
"Sumner County, Tennessee","0500000US47165","200557","101771","1171","70092","12462","15203","47","165"
"Washington County, Tennessee","0500000US47179","134236","68230","829","56009","10380","10012","47","179"
"Williamson County, Tennessee","0500000US47187","255735","130042","1677","117927","33011","31992","47","187"
"Wilson County, Tennessee","0500000US47189","151917","75370","1222","80960","13519","13231","47","189"
"Angelina County, Texas","0500000US48005","86506","43167","909","50045","2552","3799","48","005"
"Bastrop County, Texas","0500000US48021","102058","48630","1135","80423","6303","4376","48","021"
"Bell County, Texas","0500000US48027","379617","190086","1013","58542","19008","23620","48","027"
"Bexar County, Texas","0500000US48029","2028236","1021709","1140","63057","113770","133143","48","029"
"Bowie County, Texas","0500000US48037","92581","45894","845","54154","3632","5090","48","037"
"Brazoria County, Texas","0500000US48039","379689","187505","1229","82460","25874","25990","48","039"
"Brazos County, Texas","0500000US48041","237032","117843","1051","49362","13523","17947","48","041"
"Cameron County, Texas","0500000US48061","423029","215283","797","48115","15617","20121","48","061"
"Collin County, Texas","0500000US48085","1109462","559051","1559","101494","124473","126996","48","085"
"Comal County, Texas","0500000US48091","174986","87113","1330","93829","14529","17320","48","091"
"Coryell County, Texas","0500000US48099","84232","42119","1017","62737","3169","4585","48","099"
"Dallas County, Texas","0500000US48113","2586050","1303838","1273","63494","171819","188422","48","113"
"Denton County, Texas","0500000US48121","941647","476512","1361","97671","99035","103983","48","121"
"Ector County, Texas","0500000US48135","161091","77525","1069","57473","4830","5829","48","135"
"Ellis County, Texas","0500000US48139","202678","101720","1260","89799","11459","12998","48","139"
"El Paso County, Texas","0500000US48141","867947","436238","906","51044","42590","55682","48","141"
"Fort Bend County, Texas","0500000US48157","858527","435133","1490","96468","77046","88290","48","157"
"Galveston County, Texas","0500000US48167","355062","181202","1191","78336","25340","33119","48","167"
"Grayson County, Texas","0500000US48181","139336","70655","1037","62919","8521","7346","48","181"
"Gregg County, Texas","0500000US48183","124201","64027","891","59869","6143","5494","48","183"
"Guadalupe County, Texas","0500000US48187","177036","90036","1178","80464","12519","12981","48","187"
"Harris County, Texas","0500000US48201","4728030","2374505","1167","63498","309994","327830","48","201"
"Harrison County, Texas","0500000US48203","69150","35003","836","59405","3371","3700","48","203"
"Hays County, Texas","0500000US48209","255397","128616","1335","76842","17100","21442","48","209"
"Henderson County, Texas","0500000US48213","83667","42671","844","49830","3353","5446","48","213"
"Hidalgo County, Texas","0500000US48215","880356","446634","820","44818","32126","39126","48","215"
"Hunt County, Texas","0500000US48231","103394","52843","1027","56761","5191","5903","48","231"
"Jefferson County, Texas","0500000US48245","253704","122224","952","56904","11422","11171","48","245"
"Johnson County, Texas","0500000US48251","187280","93006","1174","77933","11214","9982","48","251"
"Kaufman County, Texas","0500000US48257","157768","80010","1246","72175","8457","11314","48","257"
"Liberty County, Texas","0500000US48291","97621","50415","780","55697","2023","3780","48","291"
"Lubbock County, Texas","0500000US48303","314451","159511","975","57798","18209","20696","48","303"
"McLennan County, Texas","0500000US48309","263115","134351","1018","60437","12524","14724","48","309"
"Midland County, Texas","0500000US48329","167969","83809","1027","82248","10838","14449","48","329"
"Montgomery County, Texas","0500000US48339","648886","326023","1288","86903","54041","58509","48","339"
"Nueces County, Texas","0500000US48355","353079","178345","1112","59983","17770","20522","48","355"
"Orange County, Texas","0500000US48361","84742","42276","1000","71022","2177","3628","48","361"
"Parker County, Texas","0500000US48367","156764","77985","1174","85641","12081","12560","48","367"
"Potter County, Texas","0500000US48375","116547","55409","896","44721","4305","6884","48","375"
"Randall County, Texas","0500000US48381","143854","72709","1023","70322","10847","9631","48","381"
"Rockwall County, Texas","0500000US48397","116381","59227","1257","121568","12087","11671","48","397"
"San Patricio County, Texas","0500000US48409","69699","33059","1056","59276","2523","2771","48","409"
"Smith County, Texas","0500000US48423","237186","120816","996","63115","13179","15160","48","423"
"Starr County, Texas","0500000US48427","66049","33343","635","33367","1403","2026","48","427"
"Tarrant County, Texas","0500000US48439","2126477","1081509","1259","71346","148562","160966","48","439"
"Taylor County, Texas","0500000US48441","143326","72960","981","53315","5963","7261","48","441"
"Tom Green County, Texas","0500000US48451","119411","59530","894","61649","5760","6618","48","451"
"Travis County, Texas","0500000US48453","1305154","642855","1437","84531","159999","163613","48","453"
"Victoria County, Texas","0500000US48469","90964","45118","991","54596","4427","4613","48","469"
"Walker County, Texas","0500000US48471","77977","33802","868","41470","2537","2328","48","471"
"Webb County, Texas","0500000US48479","267945","135384","860","51867","9085","12821","48","479"
"Wichita County, Texas","0500000US48485","130069","62283","868","53465","5103","6955","48","485"
"Williamson County, Texas","0500000US48491","643026","323182","1486","96073","65788","69212","48","491"
"Wise County, Texas","0500000US48497","71714","35288","1146","81400","2856","3065","48","497"
"Cache County, Utah","0500000US49005","137417","69199","946","69154","8830","10116","49","005"
"Davis County, Utah","0500000US49011","367285","181444","1227","93182","26169","27261","49","011"
"Salt Lake County, Utah","0500000US49035","1186421","586350","1315","80712","92367","91139","49","035"
"Tooele County, Utah","0500000US49045","76640","36743","1083","93908","2553","3259","49","045"
"Utah County, Utah","0500000US49049","684986","336474","1261","86781","56558","55252","49","049"
"Washington County, Utah","0500000US49053","191226","93744","1269","61186","12229","13175","49","053"
"Weber County, Utah","0500000US49057","267066","131726","1073","72087","16626","16960","49","057"
"Chittenden County, Vermont","0500000US50007","168865","85633","1537","85213","18357","18664","50","007"
"Albemarle County, Virginia","0500000US51003","113535","59409","1428","92568","9566","11843","51","003"
"Arlington County, Virginia","0500000US51013","232965","115475","1975","125651","29328","30485","51","013"
"Augusta County, Virginia","0500000US51015","77563","38448","919","68584","4797","4578","51","015"
"Bedford County, Virginia","0500000US51019","80131","40237","812","66415","5095","6207","51","019"
"Chesterfield County, Virginia","0500000US51041","370688","192001","1301","85796","32226","32827","51","041"
"Fairfax County, Virginia","0500000US51059","1139720","570277","1964","134115","123279","131839","51","059"
"Fauquier County, Virginia","0500000US51061","73815","37739","1249","108497","5273","8652","51","061"
"Frederick County, Virginia","0500000US51069","93717","46961","1353","86044","6438","6195","51","069"
"Hanover County, Virginia","0500000US51085","111603","56225","1247","94381","8953","10513","51","085"
"Henrico County, Virginia","0500000US51087","333554","174284","1308","78868","25906","34486","51","087"
"James City County, Virginia","0500000US51095","79882","42393","1394","88604","7176","8432","51","095"
"Loudoun County, Virginia","0500000US51107","427592","213217","2158","153506","48160","48174","51","107"
"Montgomery County, Virginia","0500000US51121","98473","48150","1096","55210","5827","6430","51","121"
"Prince William County, Virginia","0500000US51153","484472","240686","1752","118117","38522","39526","51","153"
"Roanoke County, Virginia","0500000US51161","96589","49768","1063","72231","7454","9226","51","161"
"Rockingham County, Virginia","0500000US51165","84394","42901","908","73163","4915","5811","51","165"
"Spotsylvania County, Virginia","0500000US51177","143676","72972","1552","101289","8818","11685","51","177"
"Stafford County, Virginia","0500000US51179","160877","78718","1761","117251","13201","14982","51","179"
"York County, Virginia","0500000US51199","70915","35929","1646","97758","4865","8587","51","199"
"Alexandria city, Virginia","0500000US51510","154706","80614","1823","101162","15138","19553","51","510"
"Chesapeake city, Virginia","0500000US51550","251269","127174","1294","88815","18420","21744","51","550"
"Hampton city, Virginia","0500000US51650","137746","71777","1182","57647","7389","8218","51","650"
"Lynchburg city, Virginia","0500000US51680","79009","41734","946","56110","5118","6471","51","680"
"Newport News city, Virginia","0500000US51700","184587","95396","1125","58937","8420","10160","51","700"
"Norfolk city, Virginia","0500000US51710","235089","111176","1108","58591","13479","17960","51","710"
"Portsmouth city, Virginia","0500000US51740","97840","50168","1111","54429","4939","6574","51","740"
"Richmond city, Virginia","0500000US51760","226604","120060","1144","51770","18070","23219","51","760"
"Roanoke city, Virginia","0500000US51770","98865","51544","848","47202","6767","5796","51","770"
"Suffolk city, Virginia","0500000US51800","96194","48970","1231","79556","5844","8055","51","800"
"Virginia Beach city, Virginia","0500000US51810","457672","232660","1431","81634","39546","46215","51","810"
"Benton County, Washington","0500000US53005","210025","104043","1081","77059","13053","13788","53","005"
"Chelan County, Washington","0500000US53007","79646","40690","1071","65847","4974","6556","53","007"
"Clallam County, Washington","0500000US53009","78209","39691","960","62695","4878","4362","53","009"
"Clark County, Washington","0500000US53011","511404","256399","1456","83837","34859","36392","53","011"
"Cowlitz County, Washington","0500000US53015","111524","55745","1022","71194","3900","5068","53","015"
"Franklin County, Washington","0500000US53021","98268","47373","1047","81940","3393","3834","53","021"
"Grant County, Washington","0500000US53025","100297","49128","991","62227","3659","4168","53","025"
"Grays Harbor County, Washington","0500000US53027","76841","37854","859","54631","2972","3163","53","027"
"Island County, Washington","0500000US53029","87432","43437","1398","76505","7009","8160","53","029"
"King County, Washington","0500000US53033","2252305","1111503","1811","110586","266803","263974","53","033"
"Kitsap County, Washington","0500000US53035","274314","133940","1484","87314","22246","23630","53","035"
"Lewis County, Washington","0500000US53041","84398","41291","898","65047","2999","4061","53","041"
"Mason County, Washington","0500000US53045","67615","32285","978","77070","2994","4400","53","045"
"Pierce County, Washington","0500000US53053","925708","461020","1546","85866","60357","67818","53","053"
"Skagit County, Washington","0500000US53057","130696","65000","1146","72648","8146","8291","53","057"
"Snohomish County, Washington","0500000US53061","833540","412151","1668","100042","70645","74487","53","061"
"Spokane County, Washington","0500000US53063","546040","273909","1059","65722","37534","39182","53","063"
"Thurston County, Washington","0500000US53067","297977","152209","1474","81659","24981","26595","53","067"
"Whatcom County, Washington","0500000US53073","228831","115589","1347","72055","15971","18321","53","073"
"Yakima County, Washington","0500000US53077","256035","127471","880","61012","7374","11512","53","077"
"Berkeley County, West Virginia","0500000US54003","126069","61951","1079","71733","5384","8267","54","003"
"Cabell County, West Virginia","0500000US54011","93418","47294","819","47020","6156","6265","54","011"
"Harrison County, West Virginia","0500000US54033","65158","33457","768","51533","3177","4442","54","033"
"Kanawha County, West Virginia","0500000US54039","177952","92084","854","56122","9033","12926","54","039"
"Monongalia County, West Virginia","0500000US54061","106387","51115","862","56347","7302","6969","54","061"
"Raleigh County, West Virginia","0500000US54081","73771","36688","750","38687","3356","3749","54","081"
"Wood County, West Virginia","0500000US54107","83624","42810","730","54153","4945","4136","54","107"
"Brown County, Wisconsin","0500000US55009","269591","134248","847","66191","21984","23342","55","009"
"Chippewa County, Wisconsin","0500000US55017","66865","32191","834","60533","3626","4386","55","017"
"Dane County, Wisconsin","0500000US55025","563951","281967","1197","77221","59012","63168","55","025"
"Dodge County, Wisconsin","0500000US55027","89313","41209","805","65773","4208","5361","55","027"
"Eau Claire County, Wisconsin","0500000US55035","106452","53214","873","62445","7674","8135","55","035"
"Fond du Lac County, Wisconsin","0500000US55039","104362","53707","846","69068","5443","7341","55","039"
"Jefferson County, Wisconsin","0500000US55055","84943","42949","900","68319","4615","7655","55","055"
"Kenosha County, Wisconsin","0500000US55059","168732","84778","1071","70971","10977","11951","55","059"
"La Crosse County, Wisconsin","0500000US55063","120433","60765","945","60382","6917","8408","55","063"
"Manitowoc County, Wisconsin","0500000US55071","81505","40261","664","57918","3908","4807","55","071"
"Marathon County, Wisconsin","0500000US55073","137648","68121","815","74494","7663","10390","55","073"
"Milwaukee County, Wisconsin","0500000US55079","928059","476891","954","56347","63022","71206","55","079"
"Outagamie County, Wisconsin","0500000US55087","191545","95590","850","73057","14013","15377","55","087"
"Ozaukee County, Wisconsin","0500000US55089","92497","46260","960","85402","10764","9920","55","089"
"Portage County, Wisconsin","0500000US55097","70468","34871","794","65928","5088","5710","55","097"
"Racine County, Wisconsin","0500000US55101","196896","98992","908","68758","9032","12477","55","101"
"Rock County, Wisconsin","0500000US55105","164381","82140","883","66090","8451","11261","55","105"
"St. Croix County, Wisconsin","0500000US55109","95044","47115","1116","93547","8060","9282","55","109"
"Sauk County, Wisconsin","0500000US55111","65697","32416","866","70914","4394","5034","55","111"
"Sheboygan County, Wisconsin","0500000US55117","117747","57745","762","62188","6554","8261","55","117"
"Walworth County, Wisconsin","0500000US55127","106799","53473","980","69996","7274","8794","55","127"
"Washington County, Wisconsin","0500000US55131","137175","68231","968","83384","10666","10986","55","131"
"Waukesha County, Wisconsin","0500000US55133","408756","206269","1150","94171","47369","48719","55","133"
"Winnebago County, Wisconsin","0500000US55139","171623","83662","807","64095","11124","13026","55","139"
"Wood County, Wisconsin","0500000US55141","74070","37260","728","52627","3317","3655","55","141"
"Laramie County, Wyoming","0500000US56021","100863","50181","945","61381","6526","6231","56","021"
"Natrona County, Wyoming","0500000US56025","79555","38485","979","63605","4346","5228","56","025"
"Arecibo Municipio, Puerto Rico","0500000US72013","87053","45581","438","18341","5109","9381","72","013"
"Bayamón Municipio, Puerto Rico","0500000US72021","182673","97134","617","26014","11608","20020","72","021"
"Caguas Municipio, Puerto Rico","0500000US72025","126756","68162","602","26473","8786","15434","72","025"
"Carolina Municipio, Puerto Rico","0500000US72031","152993","83407","645","30734","11151","17766","72","031"
"Guaynabo Municipio, Puerto Rico","0500000US72061","89195","48086","948","44673","9529","12984","72","061"
"Mayagüez Municipio, Puerto Rico","0500000US72097","71939","37461","401","15941","2397","5212","72","097"
"Ponce Municipio, Puerto Rico","0500000US72113","135084","70555","515","17876","8495","11393","72","113"
"San Juan Municipio, Puerto Rico","0500000US72127","337300","183105","524","22175","23758","36426","72","127"
"Toa Alta Municipio, Puerto Rico","0500000US72135","67569","35943","555","26292","5135","5425","72","135"
"Toa Baja Municipio, Puerto Rico","0500000US72137","74368","40588","692","30561","4885","7176","72","137"
"Trujillo Alto Municipio, Puerto Rico","0500000US72139","67211","36171","566","36349","6146","7636","72","139"
