NAME,GEO_ID,total_population,female_population,median_gross_rent_in_dollars,median_household_income_past12months,male_bachelors_degree_25yrs_above,female_bachelors_degree_25yrs_above,state,county
"Baldwin County, Alabama","0500000US01003","246435","125771","1107","69914","18612","17715","01","003"
"Calhoun County, Alabama","0500000US01015","115788","59234","669","52819","4747","6804","01","015"
"Cullman County, Alabama","0500000US01043","90665","45614","811","63229","3885","4351","01","043"
"DeKalb County, Alabama","0500000US01049","71998","35974","640","49663","1881","1868","01","049"
"Elmore County, Alabama","0500000US01051","89563","46115","1018","71651","3234","5247","01","051"
"Etowah County, Alabama","0500000US01055","103088","52645","796","57098","3671","4206","01","055"
"Houston County, Alabama","0500000US01069","108079","56351","800","56705","5194","6582","01","069"
"Jefferson County, Alabama","0500000US01073","665409","349403","1096","61968","47517","49820","01","073"
"Lauderdale County, Alabama","0500000US01077","95878","50145","834","59461","5006","5536","01","077"
"Lee County, Alabama","0500000US01081","180773","91358","973","58549","11989","14055","01","081"
"Limestone County, Alabama","0500000US01083","110900","54734","971","84220","6319","8440","01","083"
"Madison County, Alabama","0500000US01089","403565","204198","1105","80123","38436","36393","01","089"
"Marshall County, Alabama","0500000US01095","99423","50388","757","52678","4435","4539","01","095"
"Mobile County, Alabama","0500000US01097","411411","214388","943","54300","22340","24750","01","097"
"Montgomery County, Alabama","0500000US01101","226361","119302","980","57509","12106","18887","01","101"
"Morgan County, Alabama","0500000US01103","124211","63125","851","62201","6659","7773","01","103"
"St. Clair County, Alabama","0500000US01115","93932","47462","821","70301","4341","5183","01","115"
"Shelby County, Alabama","0500000US01117","230115","118177","1337","98212","24888","25773","01","117"
"Talladega County, Alabama","0500000US01121","80704","42882","726","56876","3197","3245","01","121"
"Tuscaloosa County, Alabama","0500000US01125","236780","124463","944","61097","12226","16234","01","125"
"Anchorage Municipality, Alaska","0500000US02020","287145","141348","1381","100751","21562","24263","02","020"
"Fairbanks North Star Borough, Alaska","0500000US02090","95356","42484","1368","83519","4946","6282","02","090"
"Matanuska-Susitna Borough, Alaska","0500000US02170","113325","53947","1318","84636","4531","5587","02","170"
"Apache County, Arizona","0500000US04001","65432","33053","684","37663","1503","2451","04","001"
"Cochise County, Arizona","0500000US04003","125663","61650","920","55031","7167","7573","04","003"
"Coconino County, Arizona","0500000US04005","144060","73474","1284","62622","9611","10697","04","005"
"Maricopa County, Arizona","0500000US04013","4551524","2283010","1618","83747","352743","352209","04","013"
"Mohave County, Arizona","0500000US04015","220816","108323","1069","54786","7676","8293","04","015"
"Navajo County, Arizona","0500000US04017","108650","54497","924","49487","3807","4490","04","017"
"Pima County, Arizona","0500000US04019","1057597","533447","1135","64014","76881","76508","04","019"
"Pinal County, Arizona","0500000US04021","464154","223754","1583","76377","23531","24504","04","021"
"Yavapai County, Arizona","0500000US04025","246191","125069","1166","63936","16903","17456","04","025"
"Yuma County, Arizona","0500000US04027","207842","101720","895","53994","6489","8275","04","027"
"Benton County, Arkansas","0500000US05007","302863","151187","1158","85917","24524","25572","05","007"
"Craighead County, Arkansas","0500000US05031","113017","58848","858","61871","4267","6334","05","031"
"Faulkner County, Arkansas","0500000US05045","127665","65673","917","62993","6514","8405","05","045"
"Garland County, Arkansas","0500000US05051","100089","50919","872","53145","5469","4903","05","051"
"Jefferson County, Arkansas","0500000US05069","64246","32263","774","44584","2545","4167","05","069"
"Lonoke County, Arkansas","0500000US05085","75225","36938","919","63766","3684","3845","05","085"
"Pulaski County, Arkansas","0500000US05119","399145","208890","935","56308","26158","33133","05","119"
"Saline County, Arkansas","0500000US05125","127357","65794","882","67632","8166","8222","05","125"
"Sebastian County, Arkansas","0500000US05131","129059","65006","763","51491","4841","6434","05","131"
"Washington County, Arkansas","0500000US05143","256054","128732","919","61194","14711","18593","05","143"
"White County, Arkansas","0500000US05145","77755","40286","815","57015","2558","3302","05","145"
"Alameda County, California","0500000US06001","1628997","818927","2183","122159","163001","180692","06","001"
"Butte County, California","0500000US06007","207303","103823","1307","64426","14996","14216","06","007"
"Contra Costa County, California","0500000US06013","1156966","587259","2206","120061","102712","116332","06","013"
"El Dorado County, California","0500000US06017","192646","96057","1754","105982","17179","17414","06","017"
"Fresno County, California","0500000US06019","1015190","504329","1304","69571","46812","53679","06","019"
"Humboldt County, California","0500000US06023","135010","67966","1181","57883","9395","9642","06","023"
"Imperial County, California","0500000US06025","178713","87409","954","57310","6383","7534","06","025"
"Kern County, California","0500000US06029","916108","447735","1208","66234","32195","38576","06","029"
"Kings County, California","0500000US06031","152981","69462","1401","64368","6520","4997","06","031"
"Lake County, California","0500000US06033","68191","33811","1171","51259","2369","3832","06","033"
"Los Angeles County, California","0500000US06037","9721138","4895546","1805","82516","744163","810572","06","037"
"Madera County, California","0500000US06039","160256","81058","1189","76920","5628","8600","06","039"
"Marin County, California","0500000US06041","256018","131745","2375","136214","29869","35282","06","041"
"Mendocino County, California","0500000US06045","89783","45045","1239","65520","4525","5725","06","045"
"Merced County, California","0500000US06047","290014","142044","1204","66164","9666","10606","06","047"
"Monterey County, California","0500000US06053","432858","212655","1909","92840","23326","24124","06","053"
"Napa County, California","0500000US06055","134300","66272","2013","100318","10318","12808","06","055"
"Nevada County, California","0500000US06057","102293","50502","1532","78401","10141","10908","06","057"
"Orange County, California","0500000US06059","3151184","1586479","2251","106209","291987","314603","06","059"
"Placer County, California","0500000US06061","417772","212583","1907","105445","37135","41047","06","061"
"Riverside County, California","0500000US06065","2473902","1230437","1763","86748","127096","131128","06","065"
"Sacramento County, California","0500000US06067","1584169","802192","1667","84211","112267","126547","06","067"
"San Benito County, California","0500000US06069","67579","33674","1609","111544","3886","4360","06","069"
"San Bernardino County, California","0500000US06071","2193656","1091981","1656","79091","95338","109895","06","071"
"San Diego County, California","0500000US06073","3276208","1615587","2045","98928","289370","300453","06","073"
"San Francisco County, California","0500000US06075","808437","393746","2308","136692","116929","109554","06","075"
"San Joaquin County, California","0500000US06077","793229","395286","1608","86056","32079","47417","06","077"
"San Luis Obispo County, California","0500000US06079","282013","140331","1847","90216","25066","25775","06","079"
"San Mateo County, California","0500000US06081","729181","364899","2690","145388","74569","79326","06","081"
"Santa Barbara County, California","0500000US06083","443837","220549","1975","90894","30355","31072","06","083"
"Santa Clara County, California","0500000US06085","1870945","914468","2624","150839","185450","191424","06","085"
"Santa Cruz County, California","0500000US06087","264370","132102","1999","102146","21005","23350","06","087"
"Shasta County, California","0500000US06089","180930","91766","1152","68276","9885","11440","06","089"
"Solano County, California","0500000US06095","448747","224278","2056","92959","27236","36456","06","095"
"Sonoma County, California","0500000US06097","482650","245132","1923","96830","35144","45982","06","097"
"Stanislaus County, California","0500000US06099","551275","275945","1436","75886","22817","23850","06","099"
"Sutter County, California","0500000US06101","98503","48250","1408","65018","4797","4575","06","101"
"Tehama County, California","0500000US06103","65245","32659","1086","58884","2252","2681","06","103"
"Tulare County, California","0500000US06107","477544","237723","1196","64722","12421","17361","06","107"
"Ventura County, California","0500000US06111","832605","418356","2147","102569","66499","70201","06","111"
"Yolo County, California","0500000US06113","222115","113771","1735","83875","13364","15120","06","113"
"Yuba County, California","0500000US06115","84310","42021","1124","65052","3979","4103","06","115"
"Adams County, Colorado","0500000US08001","527575","258377","1659","91367","32920","35125","08","001"
"Arapahoe County, Colorado","0500000US08005","655808","327139","1762","93784","65189","65240","08","005"
"Boulder County, Colorado","0500000US08013","327468","162726","1826","96079","37499","39048","08","013"
"Broomfield County, Colorado","0500000US08014","76121","37659","1952","115833","9175","8870","08","014"
"Denver County, Colorado","0500000US08031","713252","352687","1711","88213","95760","91866","08","031"
"Douglas County, Colorado","0500000US08035","375988","186243","1985","140003","53013","52390","08","035"
"El Paso County, Colorado","0500000US08041","740567","361543","1579","82389","61065","65311","08","041"
"Jefferson County, Colorado","0500000US08059","576143","285572","1731","102731","70118","72733","08","059"
"Larimer County, Colorado","0500000US08069","366778","183278","1595","88403","40330","38794","08","069"
"Mesa County, Colorado","0500000US08077","158636","80396","1223","70711","11120","14207","08","077"
"Pueblo County, Colorado","0500000US08101","169544","85147","1011","58723","7410","9882","08","101"
"Weld County, Colorado","0500000US08123","350176","171742","1416","91565","22841","28837","08","123"
"Capitol Planning Region, Connecticut","0500000US09110","981447","502159","1267","84504","75329","81168","09","110"
"Greater Bridgeport Planning Region, Connecticut","0500000US09120","327286","166744","1517","81143","24315","26221","09","120"
"Lower Connecticut River Valley Planning Region, Connecticut","0500000US09130","176622","89247","1409","99438","15662","16092","09","130"
"Naugatuck Valley Planning Region, Connecticut","0500000US09140","454083","230717","1189","81925","25827","30703","09","140"
"Northeastern Connecticut Planning Region, Connecticut","0500000US09150","96196","47991","949","80701","4299","6032","09","150"
"Northwest Hills Planning Region, Connecticut","0500000US09160","113234","58507","1102","86555","8471","13238","09","160"
"South Central Connecticut Planning Region, Connecticut","0500000US09170","573244","296398","1406","85026","39110","42853","09","170"
"Southeastern Connecticut Planning Region, Connecticut","0500000US09180","280403","140838","1192","80113","22208","21354","09","180"
"Western Connecticut Planning Region, Connecticut","0500000US09190","623690","316915","1929","122234","61184","70933","09","190"
"Kent County, Delaware","0500000US10001","186946","96382","1201","72675","8271","10100","10","001"
"New Castle County, Delaware","0500000US10003","575494","295498","1316","86020","43505","50157","10","003"
"Sussex County, Delaware","0500000US10005","255956","131859","1166","81792","19533","20328","10","005"
"District of Columbia, District of Columbia","0500000US11001","671803","352040","1843","101027","63048","63630","11","001"
"Alachua County, Florida","0500000US12001","284030","145647","1280","58354","18233","21188","12","001"
"Bay County, Florida","0500000US12005","185134","93531","1270","66245","12352","11704","12","005"
"Brevard County, Florida","0500000US12009","630693","319186","1412","75320","50118","48761","12","009"
"Broward County, Florida","0500000US12011","1947026","989878","1766","70978","148740","171554","12","011"
"Charlotte County, Florida","0500000US12015","202661","102889","1266","64860","13669","15121","12","015"
"Citrus County, Florida","0500000US12017","162529","81251","973","51532","7859","9143","12","017"
"Clay County, Florida","0500000US12019","226589","114263","1530","85594","12625","15837","12","019"
"Collier County, Florida","0500000US12021","397994","200910","1668","80815","34924","37660","12","021"
"Columbia County, Florida","0500000US12023","71908","34154","914","53985","2288","4574","12","023"
"Duval County, Florida","0500000US12031","1016536","522676","1416","70533","71434","86066","12","031"
"Escambia County, Florida","0500000US12033","324878","164637","1230","61924","20606","23049","12","033"
"Flagler County, Florida","0500000US12035","126705","64947","1564","71211","9682","10316","12","035"
"Hernando County, Florida","0500000US12053","206896","105972","1193","61462","10307","13659","12","053"
"Highlands County, Florida","0500000US12055","105618","54970","968","52799","3322","6163","12","055"
"Hillsborough County, Florida","0500000US12057","1513301","766492","1529","74308","115560","134392","12","057"
"Indian River County, Florida","0500000US12061","167352","85541","1261","67407","14158","14807","12","061"
"Lake County, Florida","0500000US12069","410139","210854","1401","67559","25005","26614","12","069"
"Lee County, Florida","0500000US12071","822453","417452","1620","71072","60588","62674","12","071"
"Leon County, Florida","0500000US12073","297369","155996","1150","61297","19518","26287","12","073"
"Manatee County, Florida","0500000US12081","429125","220685","1515","72108","35518","37936","12","081"
"Marion County, Florida","0500000US12083","396415","204895","1078","54190","19322","23760","12","083"
"Martin County, Florida","0500000US12085","162006","81214","1652","80024","15623","15495","12","085"
"Miami-Dade County, Florida","0500000US12086","2673837","1359343","1665","67263","194782","214401","12","086"
"Monroe County, Florida","0500000US12087","81708","38791","1728","79420","7367","8134","12","087"
"Nassau County, Florida","0500000US12089","97899","50504","1499","90883","8022","8740","12","089"
"Okaloosa County, Florida","0500000US12091","216482","105273","1448","77830","15077","15129","12","091"
"Orange County, Florida","0500000US12095","1452726","736023","1624","72324","127350","139234","12","095"
"Osceola County, Florida","0500000US12097","422545","211705","1645","63271","27871","31113","12","097"
"Palm Beach County, Florida","0500000US12099","1518477","776876","1749","76592","129948","149688","12","099"
"Pasco County, Florida","0500000US12101","608794","309118","1377","65999","41391","43956","12","101"
"Pinellas County, Florida","0500000US12103","961739","497021","1479","66472","82912","88086","12","103"
"Polk County, Florida","0500000US12105","787404","398152","1206","62051","40284","44498","12","105"
"Putnam County, Florida","0500000US12107","74731","37945","863","46161","2652","3863","12","107"
"St. Johns County, Florida","0500000US12109","306841","156177","1674","103017","36961","36454","12","109"
"St. Lucie County, Florida","0500000US12111","358704","181977","1339","62705","20534","23734","12","111"
"Santa Rosa County, Florida","0500000US12113","198268","95939","1428","83672","14248","12641","12","113"
"Sarasota County, Florida","0500000US12115","462286","241135","1688","78341","38716","47843","12","115"
"Seminole County, Florida","0500000US12117","478772","244972","1638","80550","42809","45974","12","117"
"Sumter County, Florida","0500000US12119","144970","74284","1420","73391","16319","14987","12","119"
"Volusia County, Florida","0500000US12127","579192","295077","1413","64857","35215","40630","12","127"
"Walton County, Florida","0500000US12131","83304","41440","1462","74629","6330","7352","12","131"
"Barrow County, Georgia","0500000US13013","89299","45695","1075","78216","4547","5512","13","013"
"Bartow County, Georgia","0500000US13015","112816","57899","1121","84590","5710","6935","13","015"
"Bibb County, Georgia","0500000US13021","156197","82827","983","47625","5056","8695","13","021"
"Bulloch County, Georgia","0500000US13031","83059","42495","889","47297","3384","4534","13","031"
"Carroll County, Georgia","0500000US13045","124592","63395","1080","72595","6202","5434","13","045"
"Catoosa County, Georgia","0500000US13047","68826","34590","1023","67081","3294","3219","13","047"
"Chatham County, Georgia","0500000US13051","301107","156700","1359","64157","18415","23280","13","051"
"Cherokee County, Georgia","0500000US13057","281278","141404","1593","99234","26421","27214","13","057"
"Clarke County, Georgia","0500000US13059","129875","68544","1082","47171","8390","8901","13","059"
"Clayton County, Georgia","0500000US13063","296564","158276","1327","58325","13133","14898","13","063"
"Cobb County, Georgia","0500000US13067","771952","395232","1641","97084","82751","88312","13","067"
"Columbia County, Georgia","0500000US13073","162419","83676","1233","93307","11318","10872","13","073"
"Coweta County, Georgia","0500000US13077","152882","77896","1360","84747","11840","11592","13","077"
"DeKalb County, Georgia","0500000US13089","762820","401218","1584","77169","63149","71073","13","089"
"Dougherty County, Georgia","0500000US13095","82966","44502","898","41425","2700","3481","13","095"
"Douglas County, Georgia","0500000US13097","147316","76094","1437","80933","6386","8642","13","097"
"Effingham County, Georgia","0500000US13103","69041","34949","1027","89885","3676","3865","13","103"
"Fayette County, Georgia","0500000US13113","122030","62655","1773","108643","11433","12383","13","113"
"Floyd County, Georgia","0500000US13115","99443","49785","962","56420","4087","4609","13","115"
"Forsyth County, Georgia","0500000US13117","267237","134085","1808","129410","29557","28848","13","117"
"Fulton County, Georgia","0500000US13121","1074634","551247","1621","90346","119837","131011","13","121"
"Glynn County, Georgia","0500000US13127","85079","45561","1074","63228","4283","7777","13","127"
"Gwinnett County, Georgia","0500000US13135","975353","496707","1681","83901","74607","82699","13","135"
"Hall County, Georgia","0500000US13139","212692","107345","1261","76888","12630","13155","13","139"
"Henry County, Georgia","0500000US13151","248364","129796","1560","81988","11501","19095","13","151"
"Houston County, Georgia","0500000US13153","169631","87302","1075","71068","10000","10110","13","153"
"Jackson County, Georgia","0500000US13157","83936","42663","1068","83843","4226","4723","13","157"
"Liberty County, Georgia","0500000US13179","68030","32751","1166","61546","2115","3599","13","179"
"Lowndes County, Georgia","0500000US13185","119739","61501","995","52307","5083","5538","13","185"
"Muscogee County, Georgia","0500000US13215","202616","105024","1043","53750","9569","14914","13","215"
"Newton County, Georgia","0500000US13217","117621","61519","1239","73579","3496","6765","13","217"
"Paulding County, Georgia","0500000US13223","178421","89970","1439","86847","9931","10701","13","223"
"Richmond County, Georgia","0500000US13245","206640","106410","986","49915","9334","12309","13","245"
"Rockdale County, Georgia","0500000US13247","94984","50532","1393","73998","5817","8027","13","247"
"Spalding County, Georgia","0500000US13255","68919","35705","1064","54803","2049","3186","13","255"
"Troup County, Georgia","0500000US13285","70191","36354","1035","57988","3169","3103","13","285"
"Walker County, Georgia","0500000US13295","68915","34652","915","52957","2747","2715","13","295"
"Walton County, Georgia","0500000US13297","103065","52144","1125","86240","6412","6745","13","297"
"Whitfield County, Georgia","0500000US13313","103132","51463","862","61037","3243","4665","13","313"
"Hawaii County, Hawaii","0500000US15001","206315","103796","1292","72568","12429","15569","15","001"
"Honolulu County, Hawaii","0500000US15003","995638","492315","1914","96580","76971","88017","15","003"
"Kauai County, Hawaii","0500000US15007","73810","36326","1847","87730","4389","5252","15","007"
"Maui County, Hawaii","0500000US15009","164365","82450","1662","94760","11046","12440","15","009"
"Ada County, Idaho","0500000US16001","518907","256282","1499","87774","51822","52787","16","001"
"Bannock County, Idaho","0500000US16005","89517","45578","888","61452","5586","5713","16","005"
"Bonneville County, Idaho","0500000US16019","129496","64455","1065","74154","8803","10686","16","019"
"Canyon County, Idaho","0500000US16027","251065","125411","1274","70818","10840","15025","16","027"
"Kootenai County, Idaho","0500000US16055","183578","92086","1473","75328","13259","13389","16","055"
"Twin Falls County, Idaho","0500000US16083","93696","48393","1053","63560","4001","4324","16","083"
"Champaign County, Illinois","0500000US17019","206542","105425","964","60168","12164","14925","17","019"
"Cook County, Illinois","0500000US17031","5109292","2612946","1312","76632","423786","459805","17","031"
"DeKalb County, Illinois","0500000US17037","100232","50802","910","68590","5254","5777","17","037"
"DuPage County, Illinois","0500000US17043","920901","464492","1489","102152","98970","100748","17","043"
"Kane County, Illinois","0500000US17089","514182","256040","1270","93343","42560","40361","17","089"
"Kankakee County, Illinois","0500000US17091","106074","53270","1021","71416","4330","4409","17","091"
"Kendall County, Illinois","0500000US17093","137254","69401","1502","101447","8992","10953","17","093"
"Lake County, Illinois","0500000US17097","709150","350606","1399","101442","64351","63149","17","097"
"LaSalle County, Illinois","0500000US17099","108078","53402","902","63626","4317","5879","17","099"
"McHenry County, Illinois","0500000US17111","311747","155088","1206","98907","23720","26291","17","111"
"McLean County, Illinois","0500000US17113","171141","87752","954","70674","18233","16035","17","113"
"Macon County, Illinois","0500000US17115","101483","52131","774","60332","4853","6380","17","115"
"Madison County, Illinois","0500000US17119","263864","134868","893","66996","18313","18827","17","119"
"Peoria County, Illinois","0500000US17143","178383","90236","903","65301","11086","14158","17","143"
"Rock Island County, Illinois","0500000US17161","141527","70675","795","62086","7432","7827","17","161"
"St. Clair County, Illinois","0500000US17163","252671","130402","989","67395","14853","15956","17","163"
"Sangamon County, Illinois","0500000US17167","194534","100086","881","73784","12608","15297","17","167"
"Tazewell County, Illinois","0500000US17179","129911","65060","875","72930","7674","10466","17","179"
"Vermilion County, Illinois","0500000US17183","72337","36158","743","51515","2244","2650","17","183"
"Will County, Illinois","0500000US17197","696757","348259","1352","96668","51857","54742","17","197"
"Williamson County, Illinois","0500000US17199","66695","33189","785","67631","3497","4525","17","199"
"Winnebago County, Illinois","0500000US17201","282188","142236","943","62011","13753","16783","17","201"
"Allen County, Indiana","0500000US18003","391449","198679","984","65732","25108","27568","18","003"
"Bartholomew County, Indiana","0500000US18005","83540","42421","993","65739","4738","6243","18","005"
"Boone County, Indiana","0500000US18011","74164","37616","1171","102005","7671","6044","18","011"
"Clark County, Indiana","0500000US18019","124237","63199","1061","68350","8159","9295","18","019"
"Delaware County, Indiana","0500000US18035","112031","58002","854","54087","4957","6014","18","035"
"Elkhart County, Indiana","0500000US18039","206890","105546","967","61922","9127","8765","18","039"
"Floyd County, Indiana","0500000US18043","80714","41014","987","73899","5824","7517","18","043"
"Grant County, Indiana","0500000US18053","66022","33383","771","50366","2372","2559","18","053"
"Hamilton County, Indiana","0500000US18057","364921","185021","1444","114807","48891","46668","18","057"
"Hancock County, Indiana","0500000US18059","83070","42020","1190","86504","7436","7744","18","059"
"Hendricks County, Indiana","0500000US18063","182534","91152","1317","93193","15049","16842","18","063"
"Howard County, Indiana","0500000US18067","83574","42513","856","55297","3626","4639","18","067"
"Johnson County, Indiana","0500000US18081","165782","84371","1218","81670","11400","11389","18","081"
"Kosciusko County, Indiana","0500000US18085","80826","40205","957","68778","3615","5411","18","085"
"Lake County, Indiana","0500000US18089","499689","256189","1039","66085","29468","34552","18","089"
"LaPorte County, Indiana","0500000US18091","111675","54019","877","66659","6273","6958","18","091"
"Madison County, Indiana","0500000US18095","131744","64437","823","58937","5903","7104","18","095"
"Marion County, Indiana","0500000US18097","969466","499310","1041","62565","72082","72627","18","097"
"Monroe County, Indiana","0500000US18105","139745","69790","1096","65043","9349","8988","18","105"
"Morgan County, Indiana","0500000US18109","72236","36235","962","75344","4377","4021","18","109"
"Porter County, Indiana","0500000US18127","174791","87839","1093","83395","10886","12836","18","127"
"St. Joseph County, Indiana","0500000US18141","272234","139355","979","60627","16420","18682","18","141"
"Tippecanoe County, Indiana","0500000US18157","188717","91585","1051","54168","10215","11965","18","157"
"Vanderburgh County, Indiana","0500000US18163","179744","91731","909","57028","11575","13100","18","163"
"Vigo County, Indiana","0500000US18167","106006","53120","877","51125","5330","5867","18","167"
"Warrick County, Indiana","0500000US18173","65185","33422","897","79901","4170","4718","18","173"
"Wayne County, Indiana","0500000US18177","66273","33994","708","49024","1818","2813","18","177"
"Black Hawk County, Iowa","0500000US19013","130274","66231","941","60529","7596","8427","19","013"
"Dallas County, Iowa","0500000US19049","108016","54397","1321","105132","13241","13592","19","049"
"Dubuque County, Iowa","0500000US19061","98677","48978","914","73671","6543","7918","19","061"
"Johnson County, Iowa","0500000US19103","156420","77202","1051","74140","13768","13421","19","103"
"Linn County, Iowa","0500000US19113","229033","115311","826","72527","17719","22200","19","113"
"Polk County, Iowa","0500000US19153","501089","251177","1045","77038","44296","46706","19","153"
"Pottawattamie County, Iowa","0500000US19155","93173","46072","926","68681","5382","5453","19","155"
"Scott County, Iowa","0500000US19163","173924","88703","914","66832","14532","13960","19","163"
"Story County, Iowa","0500000US19169","99673","47723","886","66033","9196","7698","19","169"
"Woodbury County, Iowa","0500000US19193","105671","51827","925","67817","6375","5627","19","193"
"Butler County, Kansas","0500000US20015","68240","33257","1009","80853","4019","4630","20","015"
"Douglas County, Kansas","0500000US20045","119964","59601","992","65774","9547","10061","20","045"
"Johnson County, Kansas","0500000US20091","619195","312564","1301","98523","74566","70462","20","091"
"Leavenworth County, Kansas","0500000US20103","82892","37882","1195","77925","5982","5921","20","103"
"Riley County, Kansas","0500000US20161","71108","33870","956","53043","4448","4758","20","161"
"Sedgwick County, Kansas","0500000US20173","525525","264239","918","64286","34967","38767","20","173"
"Shawnee County, Kansas","0500000US20177","177480","90523","918","60544","9899","13485","20","177"
"Wyandotte County, Kansas","0500000US20209","165746","82626","1047","59362","6411","8123","20","209"
"Boone County, Kentucky","0500000US21015","139093","70378","1255","89931","9348","11970","21","015"
"Bullitt County, Kentucky","0500000US21029","83836","41937","940","76810","3790","4682","21","029"
"Campbell County, Kentucky","0500000US21037","93300","46834","1061","72967","7938","7721","21","037"
"Christian County, Kentucky","0500000US21047","73037","35556","970","60767","2694","3387","21","047"
"Daviess County, Kentucky","0500000US21059","103222","52551","807","66837","5424","5110","21","059"
"Fayette County, Kentucky","0500000US21067","320347","162896","1036","62908","27821","28301","21","067"
"Hardin County, Kentucky","0500000US21093","111862","56178","901","60878","5287","6181","21","093"
"Jefferson County, Kentucky","0500000US21111","773399","396740","1057","64619","57993","59655","21","111"
"Kenton County, Kentucky","0500000US21117","170313","84694","1030","77099","15347","14526","21","117"
"McCracken County, Kentucky","0500000US21145","67490","34217","749","60935","4365","3938","21","145"
"Madison County, Kentucky","0500000US21151","95187","47951","835","60685","5717","6479","21","151"
"Oldham County, Kentucky","0500000US21185","69431","32850","955","115187","5813","5997","21","185"
"Pulaski County, Kentucky","0500000US21199","65795","33671","785","44649","1764","2879","21","199"
"Warren County, Kentucky","0500000US21227","139843","70541","969","59784","8612","8995","21","227"
"Ascension Parish, Louisiana","0500000US22005","130458","65918","1188","79515","7827","8098","22","005"
"Bossier Parish, Louisiana","0500000US22015","129276","65074","1092","62421","6072","8031","22","015"
"Caddo Parish, Louisiana","0500000US22017","229025","121119","916","46967","10975","12005","22","017"
"Calcasieu Parish, Louisiana","0500000US22019","202418","102177","1029","62197","8587","11818","22","019"
"East Baton Rouge Parish, Louisiana","0500000US22033","450544","235342","1113","61387","27030","36063","22","033"
"Iberia Parish, Louisiana","0500000US22045","68327","35528","731","43513","1370","2289","22","045"
"Jefferson Parish, Louisiana","0500000US22051","425884","219136","1118","61397","29904","29627","22","051"
"Lafayette Parish, Louisiana","0500000US22055","247866","126744","979","56496","21858","22248","22","055"
"Lafourche Parish, Louisiana","0500000US22057","95870","47130","677","58593","3819","6719","22","057"
"Livingston Parish, Louisiana","0500000US22063","148425","75505","991","73126","6399","8201","22","063"
"Orleans Parish, Louisiana","0500000US22071","369749","195412","1151","52322","27116","31373","22","071"
"Ouachita Parish, Louisiana","0500000US22073","157702","81245","911","45840","8906","9922","22","073"
"Rapides Parish, Louisiana","0500000US22079","127189","65548","916","58161","5831","8032","22","079"
"St. Landry Parish, Louisiana","0500000US22097","81773","42273","754","41976","2074","3608","22","097"
"St. Tammany Parish, Louisiana","0500000US22103","273263","138500","1245","76269","20535","24202","22","103"
"Tangipahoa Parish, Louisiana","0500000US22105","137048","70990","885","55391","5181","8522","22","105"
"Terrebonne Parish, Louisiana","0500000US22109","104786","53614","999","57299","3100","4909","22","109"
"Androscoggin County, Maine","0500000US23001","113023","56839","977","63438","5013","7116","23","001"
"Aroostook County, Maine","0500000US23003","67255","33587","717","51395","3841","4391","23","003"
"Cumberland County, Maine","0500000US23005","307451","157031","1418","89345","31936","38671","23","005"
"Kennebec County, Maine","0500000US23011","125540","64340","946","62943","7682","9047","23","011"
"Penobscot County, Maine","0500000US23019","153704","77241","936","61134","9353","10648","23","019"
"York County, Maine","0500000US23031","216732","110607","1138","81928","19657","20241","23","031"
"Allegany County, Maryland","0500000US24001","67267","31776","728","46913","3348","2305","24","001"
"Anne Arundel County, Maryland","0500000US24003","593286","298832","1801","113125","54759","59928","24","003"
"Baltimore County, Maryland","0500000US24005","846161","443660","1457","86526","67559","75005","24","005"
"Calvert County, Maryland","0500000US24009","94573","46836","1827","120097","6620","6880","24","009"
"Carroll County, Maryland","0500000US24013","175305","87425","1256","104942","14083","15874","24","013"
"Cecil County, Maryland","0500000US24015","104942","52780","1418","86292","5797","6337","24","015"
"Charles County, Maryland","0500000US24017","170102","87764","1783","115880","8705","12243","24","017"
"Frederick County, Maryland","0500000US24021","287079","144986","1672","119122","25705","26194","24","021"
"Harford County, Maryland","0500000US24025","263867","132787","1507","100915","21076","21361","24","025"
"Howard County, Maryland","0500000US24027","335411","169272","1916","133438","34834","37069","24","027"
"Montgomery County, Maryland","0500000US24031","1052521","539321","1852","118323","93819","109252","24","031"
"Prince George's County, Maryland","0500000US24033","946971","489667","1647","94441","59199","74363","24","033"
"St. Mary's County, Maryland","0500000US24037","114877","57706","1530","113717","8615","8643","24","037"
"Washington County, Maryland","0500000US24043","155590","77068","985","69244","6784","8347","24","043"
"Wicomico County, Maryland","0500000US24045","104664","55853","1273","72198","6575","6555","24","045"
"Baltimore city, Maryland","0500000US24510","569931","304732","1235","55198","33200","38351","24","510"
"Barnstable County, Massachusetts","0500000US25001","232457","120391","1573","91438","23559","26431","25","001"
"Berkshire County, Massachusetts","0500000US25003","127859","64835","968","74176","9432","10825","25","003"
"Bristol County, Massachusetts","0500000US25005","580068","296618","1125","81551","36730","44569","25","005"
"Essex County, Massachusetts","0500000US25009","806765","413982","1694","92413","66550","70984","25","009"
"Franklin County, Massachusetts","0500000US25011","70894","35848","998","70306","5195","5461","25","011"
"Hampden County, Massachusetts","0500000US25013","461041","235996","1012","63866","26358","31359","25","013"
"Hampshire County, Massachusetts","0500000US25015","162588","84799","1313","82078","12409","14950","25","015"
"Middlesex County, Massachusetts","0500000US25017","1617105","817697","1997","118800","169725","165193","25","017"
"Norfolk County, Massachusetts","0500000US25021","725531","373722","1957","115969","69943","81890","25","021"
"Plymouth County, Massachusetts","0500000US25023","533069","271769","1632","103173","49041","48594","25","023"
"Suffolk County, Massachusetts","0500000US25025","766381","395434","1941","85358","73244","72013","25","025"
"Worcester County, Massachusetts","0500000US25027","862927","433546","1323","86258","63491","67745","25","027"
"Allegan County, Michigan","0500000US26005","121210","59978","994","75901","7464","7405","26","005"
"Bay County, Michigan","0500000US26017","102821","50908","829","55134","4747","6251","26","017"
"Berrien County, Michigan","0500000US26021","152900","78115","885","61333","9956","9953","26","021"
"Calhoun County, Michigan","0500000US26025","133289","68267","853","59522","6450","7988","26","025"
"Clinton County, Michigan","0500000US26037","79748","40791","1022","78702","5229","4770","26","037"
"Eaton County, Michigan","0500000US26045","108992","55877","1029","71013","6415","8323","26","045"
"Genesee County, Michigan","0500000US26049","401983","207742","870","57003","21913","24276","26","049"
"Grand Traverse County, Michigan","0500000US26055","96464","49221","1241","74344","7932","7716","26","055"
"Ingham County, Michigan","0500000US26065","284108","145739","960","59823","17910","19898","26","065"
"Ionia County, Michigan","0500000US26067","66809","31264","856","75865","3031","3143","26","067"
"Jackson County, Michigan","0500000US26075","160066","77392","881","59059","7002","8823","26","075"
"Kalamazoo County, Michigan","0500000US26077","261173","133180","1085","69584","19669","20367","26","077"
"Kent County, Michigan","0500000US26081","659083","331389","1196","77028","54322","60476","26","081"
"Lapeer County, Michigan","0500000US26087","88780","42831","1036","71551","3675","4751","26","087"
"Lenawee County, Michigan","0500000US26091","98567","48255","840","67267","4140","6523","26","091"
"Livingston County, Michigan","0500000US26093","196161","97131","1215","100139","19167","19077","26","093"
"Macomb County, Michigan","0500000US26099","874195","445958","1117","73830","52673","57919","26","099"
"Marquette County, Michigan","0500000US26103","66661","32666","881","61474","6082","5580","26","103"
"Midland County, Michigan","0500000US26111","83674","42407","1006","78487","6850","7449","26","111"
"Monroe County, Michigan","0500000US26115","155609","77518","1060","69563","7402","9171","26","115"
"Montcalm County, Michigan","0500000US26117","67433","31886","780","61967","2451","2473","26","117"
"Muskegon County, Michigan","0500000US26121","176565","87917","993","58074","8980","10485","26","121"
"Oakland County, Michigan","0500000US26125","1269431","641411","1251","90594","126360","133358","26","125"
"Ottawa County, Michigan","0500000US26139","300873","150577","1126","85652","23620","24035","26","139"
"Saginaw County, Michigan","0500000US26145","188330","95329","920","53646","10129","10218","26","145"
"St. Clair County, Michigan","0500000US26147","160151","79973","1020","63510","6718","7277","26","147"
"Shiawassee County, Michigan","0500000US26155","68022","33718","855","61564","2888","3497","26","155"
"Van Buren County, Michigan","0500000US26159","75692","38252","845","60182","4155","3959","26","159"
"Washtenaw County, Michigan","0500000US26161","366376","183631","1328","79665","30579","32977","26","161"
"Wayne County, Michigan","0500000US26163","1757043","904669","1048","55867","90829","105912","26","163"
"Anoka County, Minnesota","0500000US27003","368864","183464","1405","92133","25482","30459","27","003"
"Blue Earth County, Minnesota","0500000US27013","69631","33946","973","68104","4105","5078","27","013"
"Carver County, Minnesota","0500000US27019","110034","54708","1322","116158","10760","13030","27","019"
"Clay County, Minnesota","0500000US27027","65929","32894","938","81386","5517","4749","27","027"
"Crow Wing County, Minnesota","0500000US27035","67948","34008","861","66568","4728","5279","27","035"
"Dakota County, Minnesota","0500000US27037","443341","223149","1458","97501","44757","48323","27","037"
"Hennepin County, Minnesota","0500000US27053","1260121","632429","1375","89399","147581","147733","27","053"
"Olmsted County, Minnesota","0500000US27109","164020","83232","1224","86976","13829","17717","27","109"
"Ramsey County, Minnesota","0500000US27123","536413","272770","1242","75113","48941","53136","27","123"
"Rice County, Minnesota","0500000US27131","67693","32997","892","76319","4578","5394","27","131"
"St. Louis County, Minnesota","0500000US27137","199532","99011","957","62704","13682","13818","27","137"
"Scott County, Minnesota","0500000US27139","154520","77588","1531","113311","15246","14390","27","139"
"Sherburne County, Minnesota","0500000US27141","100824","48475","1239","96889","6495","8050","27","141"
"Stearns County, Minnesota","0500000US27145","160405","79585","973","71880","9517","10769","27","145"
"Washington County, Minnesota","0500000US27163","275912","139438","1632","106509","28076","29213","27","163"
"Wright County, Minnesota","0500000US27171","148003","72290","1239","93602","10864","12114","27","171"
"DeSoto County, Mississippi","0500000US28033","191723","99192","1385","79747","11252","12715","28","033"
"Forrest County, Mississippi","0500000US28035","78110","42113","835","53464","3794","4539","28","035"
"Harrison County, Mississippi","0500000US28047","211044","108674","1030","56041","10364","12835","28","047"
"Hinds County, Mississippi","0500000US28049","217730","116074","983","46672","10174","15837","28","049"
"Jackson County, Mississippi","0500000US28059","144975","74024","1039","60966","7044","9664","28","059"
"Jones County, Mississippi","0500000US28067","66569","33736","802","59815","2231","3342","28","067"
"Lamar County, Mississippi","0500000US28073","65783","34091","980","59560","3096","4760","28","073"
"Lauderdale County, Mississippi","0500000US28075","70904","37698","880","49904","3437","3832","28","075"
"Lee County, Mississippi","0500000US28081","82959","43609","920","57229","4397","5041","28","081"
"Madison County, Mississippi","0500000US28089","111113","57402","1067","76446","10304","10695","28","089"
"Rankin County, Mississippi","0500000US28121","158979","82914","1202","72034","10381","13987","28","121"
"Boone County, Missouri","0500000US29019","187690","97199","958","62561","16128","19161","29","019"
"Buchanan County, Missouri","0500000US29021","82911","41598","807","56386","3700","5329","29","021"
"Cape Girardeau County, Missouri","0500000US29031","82899","42483","838","64679","5740","6037","29","031"
"Cass County, Missouri","0500000US29037","110394","56059","1064","76601","6637","6466","29","037"
"Christian County, Missouri","0500000US29043","93114","47248","845","73047","5593","6719","29","043"
"Clay County, Missouri","0500000US29047","257033","130113","1147","77612","19325","21295","29","047"
"Cole County, Missouri","0500000US29051","76969","38152","833","70669","5640","6462","29","051"
"Franklin County, Missouri","0500000US29071","105879","53099","823","62694","4284","5154","29","071"
"Greene County, Missouri","0500000US29077","303293","154057","912","55098","19975","22085","29","077"
"Jackson County, Missouri","0500000US29095","716531","367990","1118","62422","51769","53805","29","095"
"Jasper County, Missouri","0500000US29097","124075","64541","866","53486","7650","6935","29","097"
"Jefferson County, Missouri","0500000US29099","229336","114637","860","78568","13258","14083","29","099"
"Platte County, Missouri","0500000US29165","110534","55602","1190","92386","9674","10953","29","165"
"St. Charles County, Missouri","0500000US29183","413803","209803","1209","98831","35945","37617","29","183"
"St. Francois County, Missouri","0500000US29187","66969","31533","752","46775","2689","2806","29","187"
"St. Louis County, Missouri","0500000US29189","990414","515712","1155","79440","90964","99521","29","189"
"St. Louis city, Missouri","0500000US29510","286578","146637","911","52847","23008","24042","29","510"
"Cascade County, Montana","0500000US30013","84864","42193","837","58698","4934","4917","30","013"
"Flathead County, Montana","0500000US30029","111814","55487","1138","65680","8817","9730","30","029"
"Gallatin County, Montana","0500000US30031","124857","59340","1582","83064","14444","13954","30","031"
"Lewis and Clark County, Montana","0500000US30049","73832","36960","1051","72250","7486","8029","30","049"
"Missoula County, Montana","0500000US30063","121041","60416","1062","68305","11405","12866","30","063"
"Yellowstone County, Montana","0500000US30111","169852","85683","1054","79283","14672","15473","30","111"
"Douglas County, Nebraska","0500000US31055","586327","294499","1111","74250","49225","51701","31","055"
"Lancaster County, Nebraska","0500000US31109","324756","160918","994","66289","26807","28283","31","109"
"Sarpy County, Nebraska","0500000US31153","196553","96764","1234","98603","17575","17317","31","153"
"Clark County, Nevada","0500000US32003","2322985","1158409","1485","70797","138781","148900","32","003"
"Washoe County, Nevada","0500000US32031","496745","243333","1479","80125","33301","33973","32","031"
"Cheshire County, New Hampshire","0500000US33005","77350","38864","1040","77757","6395","6640","33","005"
"Grafton County, New Hampshire","0500000US33009","91126","45876","1182","82045","7285","7168","33","009"
"Hillsborough County, New Hampshire","0500000US33011","426594","211680","1514","96921","40077","35206","33","011"
"Merrimack County, New Hampshire","0500000US33013","156020","78218","1309","84690","13792","15040","33","013"
"Rockingham County, New Hampshire","0500000US33015","319424","160764","1571","107442","33777","32347","33","015"
"Strafford County, New Hampshire","0500000US33017","132275","67187","1417","83119","10010","13144","33","017"
"Atlantic County, New Jersey","0500000US34001","275638","138723","1303","77248","18071","20656","34","001"
"Bergen County, New Jersey","0500000US34003","952997","485350","1753","114336","97645","107822","34","003"
"Burlington County, New Jersey","0500000US34005","466103","235760","1478","100478","39537","46718","34","005"
"Camden County, New Jersey","0500000US34007","524907","270593","1268","81768","36865","42027","34","007"
"Cape May County, New Jersey","0500000US34009","95634","49169","1336","84870","7800","10385","34","009"
"Cumberland County, New Jersey","0500000US34011","151356","74363","1119","60755","5469","8551","34","011"
"Essex County, New Jersey","0500000US34013","849477","435874","1376","74994","57411","68871","34","013"
"Gloucester County, New Jersey","0500000US34015","306601","155691","1390","98301","24359","26419","34","015"
"Hudson County, New Jersey","0500000US34017","703366","351721","1731","83056","71707","73800","34","017"
"Hunterdon County, New Jersey","0500000US34019","129777","65779","1705","142518","15153","16781","34","019"
"Mercer County, New Jersey","0500000US34021","380688","193622","1479","95668","32916","34008","34","021"
"Middlesex County, New Jersey","0500000US34023","861418","432412","1669","102400","75216","78060","34","023"
"Monmouth County, New Jersey","0500000US34025","644098","328479","1660","118194","72403","75590","34","025"
"Morris County, New Jersey","0500000US34027","511151","257151","1765","131795","60237","64700","34","027"
"Ocean County, New Jersey","0500000US34029","655735","336125","1596","81101","48463","48830","34","029"
"Passaic County, New Jersey","0500000US34031","513936","261891","1446","79955","35982","34310","34","031"
"Salem County, New Jersey","0500000US34033","65117","32370","1248","77898","2808","4029","34","033"
"Somerset County, New Jersey","0500000US34035","346875","175485","1868","135577","38332","42073","34","035"
"Sussex County, New Jersey","0500000US34037","146084","72820","1481","113640","13514","13848","34","037"
"Union County, New Jersey","0500000US34039","569815","287845","1616","98028","40455","46611","34","039"
"Warren County, New Jersey","0500000US34041","110926","55772","1381","98867","9552","11911","34","041"
"Bernalillo County, New Mexico","0500000US35001","672508","340269","1035","65075","43954","53376","35","001"
"Doña Ana County, New Mexico","0500000US35013","223337","113547","850","51967","9301","12079","35","013"
"Lea County, New Mexico","0500000US35025","72452","34839","867","58150","1150","1761","35","025"
"McKinley County, New Mexico","0500000US35031","69830","35571","903","45636","1749","2267","35","031"
"Otero County, New Mexico","0500000US35035","68823","33749","823","54093","2591","3237","35","035"
"Sandoval County, New Mexico","0500000US35043","153501","77460","1361","83639","10490","12628","35","043"
"San Juan County, New Mexico","0500000US35045","120418","60940","870","50264","3894","4520","35","045"
"Santa Fe County, New Mexico","0500000US35049","155664","79811","1228","72544","12970","15680","35","049"
"Valencia County, New Mexico","0500000US35061","78080","38289","814","48638","2744","4668","35","061"
"Albany County, New York","0500000US36001","315811","161219","1195","77049","24351","24516","36","001"
"Bronx County, New York","0500000US36005","1379946","726667","1352","45517","48901","77433","36","005"
"Broome County, New York","0500000US36007","197117","100338","919","60616","10551","11105","36","007"
"Cattaraugus County, New York","0500000US36009","76439","38261","707","50508","3049","3577","36","009"
"Cayuga County, New York","0500000US36011","74998","36831","846","64031","3589","4623","36","011"
"Chautauqua County, New York","0500000US36013","126027","63586","816","55457","6720","6406","36","013"
"Chemung County, New York","0500000US36015","81426","40619","985","55845","4668","3995","36","015"
"Clinton County, New York","0500000US36019","78753","38531","905","66152","4729","4543","36","019"
"Dutchess County, New York","0500000US36027","297545","149057","1499","90889","23086","24002","36","027"
"Erie County, New York","0500000US36029","950312","486537","1027","70044","67984","69628","36","029"
"Jefferson County, New York","0500000US36045","116637","54545","1130","56423","6529","5809","36","045"
"Kings County, New York","0500000US36047","2590516","1355509","1688","73951","214257","240249","36","047"
"Madison County, New York","0500000US36053","67097","33850","905","69986","3889","4531","36","053"
"Monroe County, New York","0500000US36055","752035","386742","1102","67923","56947","57491","36","055"
"Nassau County, New York","0500000US36059","1383726","701798","2010","136984","129732","126600","36","059"
"New York County, New York","0500000US36061","1596273","833254","2027","95866","195250","213779","36","061"
"Niagara County, New York","0500000US36063","210880","106829","834","63441","13048","13005","36","063"
"Oneida County, New York","0500000US36065","228846","113895","899","64316","12650","14327","36","065"
"Onondaga County, New York","0500000US36067","468249","240582","990","70968","33580","34683","36","067"
"Ontario County, New York","0500000US36069","112707","57257","951","76424","8804","8220","36","069"
"Orange County, New York","0500000US36071","405941","203210","1565","89037","20601","23395","36","071"
"Oswego County, New York","0500000US36075","118287","58198","873","58984","4805","6188","36","075"
"Putnam County, New York","0500000US36079","98045","48618","1739","111102","9437","9039","36","079"
"Queens County, New York","0500000US36081","2278029","1163308","1779","80557","174987","193259","36","081"
"Rensselaer County, New York","0500000US36083","159853","79948","1150","83109","13052","12333","36","083"
"Richmond County, New York","0500000US36085","491133","249803","1669","93164","32572","34054","36","085"
"Rockland County, New York","0500000US36087","339022","169158","1705","100397","25556","24894","36","087"
"St. Lawrence County, New York","0500000US36089","107733","52819","809","59683","4029","4941","36","089"
"Saratoga County, New York","0500000US36091","238797","120252","1247","93301","22696","21921","36","091"
"Schenectady County, New York","0500000US36093","160093","82091","1130","74765","10553","12313","36","093"
"Steuben County, New York","0500000US36101","92599","46231","946","60204","4528","4233","36","101"
"Suffolk County, New York","0500000US36103","1525465","767664","2136","119838","117009","117502","36","103"
"Sullivan County, New York","0500000US36105","79658","37888","993","63777","4515","5422","36","105"
"Tompkins County, New York","0500000US36109","104777","52950","1297","74034","6616","8545","36","109"
"Ulster County, New York","0500000US36111","182319","91105","1492","80372","13477","16572","36","111"
"Warren County, New York","0500000US36113","65599","32617","1070","69865","4416","4503","36","113"
"Wayne County, New York","0500000US36117","91125","45353","974","71079","6249","5260","36","117"
"Westchester County, New York","0500000US36119","990427","507132","1764","108144","87055","99111","36","119"
"Alamance County, North Carolina","0500000US37001","176353","91488","975","59919","8457","12024","37","001"
"Brunswick County, North Carolina","0500000US37019","153064","78478","1303","72820","11917","13450","37","019"
"Buncombe County, North Carolina","0500000US37021","273589","143540","1260","68019","27724","28078","37","021"
"Burke County, North Carolina","0500000US37023","87881","43614","695","62267","4357","4027","37","023"
"Cabarrus County, North Carolina","0500000US37025","235797","120452","1249","78857","19675","21916","37","025"
"Caldwell County, North Carolina","0500000US37027","80492","41307","688","51592","3643","5440","37","027"
"Carteret County, North Carolina","0500000US37031","69380","36319","1000","66799","6637","6954","37","031"
"Catawba County, North Carolina","0500000US37035","163462","81178","869","62981","11433","10724","37","035"
"Chatham County, North Carolina","0500000US37037","79864","41761","1047","77906","6153","6883","37","037"
"Cleveland County, North Carolina","0500000US37045","100670","52256","815","51470","4149","5097","37","045"
"Craven County, North Carolina","0500000US37049","100874","50320","1029","63964","5972","6260","37","049"
"Cumberland County, North Carolina","0500000US37051","336699","169823","1133","58110","17201","20605","37","051"
"Davidson County, North Carolina","0500000US37057","172586","87607","857","63741","7113","9680","37","057"
"Durham County, North Carolina","0500000US37063","332680","175500","1385","80089","33079","36369","37","063"
"Forsyth County, North Carolina","0500000US37067","389157","204342","1026","62319","27172","34552","37","067"
"Franklin County, North Carolina","0500000US37069","74539","39363","950","73182","4229","6297","37","069"
"Gaston County, North Carolina","0500000US37071","234215","120371","1060","65615","18528","17975","37","071"
"Guilford County, North Carolina","0500000US37081","546101","286739","1096","63475","40939","46627","37","081"
"Harnett County, North Carolina","0500000US37085","138832","70369","897","65778","5378","7834","37","085"
"Henderson County, North Carolina","0500000US37089","118106","62075","999","63552","10011","12551","37","089"
"Iredell County, North Carolina","0500000US37097","195897","99110","1058","71943","15843","16109","37","097"
"Johnston County, North Carolina","0500000US37101","234778","118768","1045","81725","14509","19454","37","101"
"Lee County, North Carolina","0500000US37105","65476","33179","917","56540","2411","4536","37","105"
"Lincoln County, North Carolina","0500000US37109","93095","45608","973","79003","7141","8445","37","109"
"Mecklenburg County, North Carolina","0500000US37119","1145392","590867","1473","80365","117821","134327","37","119"
"Moore County, North Carolina","0500000US37125","105531","54447","1299","85382","8292","9819","37","125"
"Nash County, North Carolina","0500000US37127","95789","48175","874","54175","3583","5967","37","127"
"New Hanover County, North Carolina","0500000US37129","234921","123438","1341","70485","22407","26215","37","129"
"Onslow County, North Carolina","0500000US37133","207298","92372","1087","62460","10368","11686","37","133"
"Orange County, North Carolina","0500000US37135","150477","80163","1441","89291","13054","16326","37","135"
"Pender County, North Carolina","0500000US37141","65737","32837","1037","76922","4924","5671","37","141"
"Pitt County, North Carolina","0500000US37147","173542","91494","906","57049","9221","12569","37","147"
"Randolph County, North Carolina","0500000US37151","146043","73570","805","55671","6590","8646","37","151"
"Robeson County, North Carolina","0500000US37155","116663","60302","725","38610","2547","5436","37","155"
"Rockingham County, North Carolina","0500000US37157","91957","46355","742","51310","3460","4206","37","157"
"Rowan County, North Carolina","0500000US37159","149645","75544","937","61311","8131","7737","37","159"
"Surry County, North Carolina","0500000US37171","71403","35935","680","44485","2407","3488","37","171"
"Union County, North Carolina","0500000US37179","249070","124343","1518","94168","17882","21955","37","179"
"Wake County, North Carolina","0500000US37183","1175021","597948","1460","96806","134532","141886","37","183"
"Wayne County, North Carolina","0500000US37191","117286","59115","930","55588","3654","5727","37","191"
"Wilkes County, North Carolina","0500000US37193","65784","31849","651","45508","2593","2437","37","193"
"Wilson County, North Carolina","0500000US37195","78449","41326","900","50267","3556","4600","37","195"
"Burleigh County, North Dakota","0500000US38015","99280","49532","880","81893","6524","9806","38","015"
"Cass County, North Dakota","0500000US38017","192734","92988","878","66747","17556","19895","38","017"
"Grand Forks County, North Dakota","0500000US38035","72413","34866","864","61972","4759","6370","38","035"
"Ward County, North Dakota","0500000US38101","68870","33289","926","73787","2673","4912","38","101"
"Allen County, Ohio","0500000US39003","101115","49837","893","59880","3486","4907","39","003"
"Ashtabula County, Ohio","0500000US39007","97014","47592","804","51737","2501","3314","39","007"
"Belmont County, Ohio","0500000US39013","65509","32359","773","56422","2954","2804","39","013"
"Butler County, Ohio","0500000US39017","388420","197200","979","74581","26934","25112","39","017"
"Clark County, Ohio","0500000US39023","134831","68528","856","56132","5213","6661","39","023"
"Clermont County, Ohio","0500000US39025","210805","106105","1017","78010","13675","13842","39","025"
"Columbiana County, Ohio","0500000US39029","100511","49728","686","53095","4003","3665","39","029"
"Cuyahoga County, Ohio","0500000US39035","1236041","642315","976","60736","88947","99374","39","035"
"Delaware County, Ohio","0500000US39041","226296","113203","1370","119030","25756","28917","39","041"
"Erie County, Ohio","0500000US39043","74501","37820","818","69296","4357","5024","39","043"
"Fairfield County, Ohio","0500000US39045","162898","81301","1047","82486","10703","10610","39","045"
"Franklin County, Ohio","0500000US39049","1321820","671166","1212","69681","106733","123135","39","049"
"Geauga County, Ohio","0500000US39055","95469","47397","1092","102350","7414","9810","39","055"
"Greene County, Ohio","0500000US39057","168456","83852","1036","82602","10623","13740","39","057"
"Hamilton County, Ohio","0500000US39061","825037","423739","979","66878","67956","67306","39","061"
"Hancock County, Ohio","0500000US39063","74861","37692","948","71377",,,"39","063"
"Lake County, Ohio","0500000US39085","231842","116770","988","75615","16922","19566","39","085"
"Licking County, Ohio","0500000US39089","181359","90946","940","76654","12697","13439","39","089"
"Lorain County, Ohio","0500000US39093","316268","159598","866","66330","20562","20194","39","093"
"Lucas County, Ohio","0500000US39095","426643","218749","881","57736","24167","29991","39","095"
"Mahoning County, Ohio","0500000US39099","225636","114868","728","54473","15908","13462","39","099"
"Marion County, Ohio","0500000US39101","64642","30731","769","56707","1679","3542","39","101"
"Medina County, Ohio","0500000US39103","183512","91800","1032","87796","14343","17168","39","103"
"Miami County, Ohio","0500000US39109","110247","54657","875","71457","8026","5369","39","109"
"Montgomery County, Ohio","0500000US39113","533892","275687","940","62728","30758","35981","39","113"
"Muskingum County, Ohio","0500000US39119","86113","43848","794","58326","2744","6520","39","119"
"Portage County, Ohio","0500000US39133","161745","81904","965","72964","11814","12872","39","133"
"Richland County, Ohio","0500000US39139","125319","60245","774","53047","3092","6311","39","139"
"Ross County, Ohio","0500000US39141","76606","36425","800","60157","2593","2461","39","141"
"Scioto County, Ohio","0500000US39145","72194","35611","673","46606","3128","3597","39","145"
"Stark County, Ohio","0500000US39151","372657","190352","841","64582","18347","23073","39","151"
"Summit County, Ohio","0500000US39153","535882","274285","943","65763","42443","44419","39","153"
"Trumbull County, Ohio","0500000US39155","200643","100320","714","53220","10273","11066","39","155"
"Tuscarawas County, Ohio","0500000US39157","91937","46184","799","58588","4691","4321","39","157"
"Union County, Ohio","0500000US39159","66898","34235","1067","104195","6797","6073","39","159"
"Warren County, Ohio","0500000US39165","249778","122585","1240","104066","24206","22523","39","165"
"Wayne County, Ohio","0500000US39169","116559","58769","801","69876","5524","5925","39","169"
"Wood County, Ohio","0500000US39173","131592","65050","898","65458","8904","8818","39","173"
"Canadian County, Oklahoma","0500000US40017","169149","85107","1144","80904","12452","12522","40","017"
"Cleveland County, Oklahoma","0500000US40027","299587","149327","1091","70422","20347","21314","40","027"
"Comanche County, Oklahoma","0500000US40031","123046","59164","922","55285","6668","6789","40","031"
"Creek County, Oklahoma","0500000US40037","72699","37146","870","56756","3289","3966","40","037"
"Muskogee County, Oklahoma","0500000US40101","66354","34427","816","54070","2645","3373","40","101"
"Oklahoma County, Oklahoma","0500000US40109","802559","407461","1011","61446","59846","61598","40","109"
"Payne County, Oklahoma","0500000US40119","82794","40359","957","45684","4548","4738","40","119"
"Pottawatomie County, Oklahoma","0500000US40125","73533","38313","831","50583","2861","3656","40","125"
"Rogers County, Oklahoma","0500000US40131","98836","49112","948","71817","5045","5747","40","131"
"Tulsa County, Oklahoma","0500000US40143","677358","344496","1005","63332","47474","51927","40","143"
"Wagoner County, Oklahoma","0500000US40145","86644","43411","1072","73199","4595","6320","40","145"
"Benton County, Oregon","0500000US41003","97630","48257","1272","68524","8015","8548","41","003"
"Clackamas County, Oregon","0500000US41005","423177","212296","1606","97419","36546","40910","41","005"
"Deschutes County, Oregon","0500000US41017","206549","103931","1540","82052","19946","24676","41","017"
"Douglas County, Oregon","0500000US41019","112297","55782","910","54387","5413","4671","41","019"
"Jackson County, Oregon","0500000US41029","221644","112787","1234","69152","14378","15507","41","029"
"Josephine County, Oregon","0500000US41033","87730","44690","1135","53838","4440","4137","41","033"
"Klamath County, Oregon","0500000US41035","70212","34451","839","53923","2664","3629","41","035"
"Lane County, Oregon","0500000US41039","382353","193023","1245","64069","25181","31155","41","039"
"Linn County, Oregon","0500000US41043","130467","65045","1134","67009","5522","7194","41","043"
"Marion County, Oregon","0500000US41047","346703","171528","1275","71022","18416","20240","41","047"
"Multnomah County, Oregon","0500000US41051","795083","399282","1466","79909","78151","89462","41","051"
"Polk County, Oregon","0500000US41053","89614","45831","1294","77368","6509","5971","41","053"
"Umatilla County, Oregon","0500000US41059","80215","37836","986","77006","3065","2957","41","059"
"Washington County, Oregon","0500000US41067","600176","300183","1697","98906","58092","60840","41","067"
"Yamhill County, Oregon","0500000US41071","108226","53336","1329","77267","6504","9218","41","071"
"Adams County, Pennsylvania","0500000US42001","106027","52943","1029","76727","5436","5776","42","001"
"Allegheny County, Pennsylvania","0500000US42003","1233253","630581","1061","72031","117211","117634","42","003"
"Armstrong County, Pennsylvania","0500000US42005","64747","32128","755","57500","2440","2443","42","005"
"Beaver County, Pennsylvania","0500000US42007","165677","84873","884","67350","11147","12354","42","007"
"Berks County, Pennsylvania","0500000US42011","430449","215804","1109","72070","26690","27659","42","011"
"Blair County, Pennsylvania","0500000US42013","121032","61501","796","58022","6725","6715","42","013"
"Bucks County, Pennsylvania","0500000US42017","645054","326090","1508","105398","58670","58390","42","017"
"Butler County, Pennsylvania","0500000US42019","197300","98971","961","81353","16860","17170","42","019"
"Cambria County, Pennsylvania","0500000US42021","131441","65826","691","54905","8504","7266","42","021"
"Carbon County, Pennsylvania","0500000US42025","65460","32396","954","64456","4240","3118","42","025"
"Centre County, Pennsylvania","0500000US42027","158425","75605","1128","66602","10681","10330","42","027"
"Chester County, Pennsylvania","0500000US42029","545823","274514","1625","117232","63447","63905","42","029"
"Clearfield County, Pennsylvania","0500000US42033","77904","37520","647","60228","4065","3426","42","033"
"Crawford County, Pennsylvania","0500000US42039","82670","41587","759","54497","4166","4040","42","039"
"Cumberland County, Pennsylvania","0500000US42041","268579","135944","1142","80926","19576","21954","42","041"
"Dauphin County, Pennsylvania","0500000US42043","288800","147198","1083","67424","22861","20038","42","043"
"Delaware County, Pennsylvania","0500000US42045","575182","296354","1246","83960","45018","47167","42","045"
"Erie County, Pennsylvania","0500000US42049","267689","134505","812","56094","16256","17601","42","049"
"Fayette County, Pennsylvania","0500000US42051","125755","62827","699","51776","5234","7608","42","051"
"Franklin County, Pennsylvania","0500000US42055","156902","78667","924","74002","8251","7124","42","055"
"Indiana County, Pennsylvania","0500000US42063","82957","41382","724","52361","4226","4338","42","063"
"Lackawanna County, Pennsylvania","0500000US42069","215615","108785","940","61372","13918","14261","42","069"
"Lancaster County, Pennsylvania","0500000US42071","556629","282454","1240","82691","38214","40249","42","071"
"Lawrence County, Pennsylvania","0500000US42073","84849","43668","804","58908","4960","6052","42","073"
"Lebanon County, Pennsylvania","0500000US42075","144011","73902","1021","68467","8128","8990","42","075"
"Lehigh County, Pennsylvania","0500000US42077","376317","190340","1238","72530","26355","26407","42","077"
"Luzerne County, Pennsylvania","0500000US42079","326369","163117","954","59603","17003","20041","42","079"
"Lycoming County, Pennsylvania","0500000US42081","113104","57796","823","62516","5312","6803","42","081"
"Mercer County, Pennsylvania","0500000US42085","109220","55428","749","57618","5664","7517","42","085"
"Monroe County, Pennsylvania","0500000US42089","167198","84643","1196","81580","9464","12512","42","089"
"Montgomery County, Pennsylvania","0500000US42091","864683","440292","1560","106811","89209","89929","42","091"
"Northampton County, Pennsylvania","0500000US42095","318526","161158","1278","74696","21070","23024","42","095"
"Northumberland County, Pennsylvania","0500000US42097","90133","43780","697","58987","3918","5093","42","097"
"Philadelphia County, Pennsylvania","0500000US42101","1567258","823962","1281","56517","97578","114493","42","101"
"Schuylkill County, Pennsylvania","0500000US42107","143104","68936","774","64160","5976","7598","42","107"
"Somerset County, Pennsylvania","0500000US42111","72710","34734","691","48438","3196","3066","42","111"
"Washington County, Pennsylvania","0500000US42125","210383","106462","840","70303","15020","16515","42","125"
"Westmoreland County, Pennsylvania","0500000US42129","352057","177871","821","71363","28189","25675","42","129"
"York County, Pennsylvania","0500000US42133","461058","231598","1088","80130","27905","26089","42","133"
"Kent County, Rhode Island","0500000US44003","171275","87142","1179","85395","13736","13859","44","003"
"Newport County, Rhode Island","0500000US44005","84481","42852","1430","93334","10667","11099","44","005"
"Providence County, Rhode Island","0500000US44007","657288","334424","1246","75293","48367","48066","44","007"
"Washington County, Rhode Island","0500000US44009","130330","67000","1305","100459","13758","14872","44","009"
"Aiken County, South Carolina","0500000US45003","174150","89857","988","68473","11574","13650","45","003"
"Anderson County, South Carolina","0500000US45007","209581","108219","865","62720","11432","10892","45","007"
"Beaufort County, South Carolina","0500000US45013","196371","100709","1456","83323","18468","18918","45","013"
"Berkeley County, South Carolina","0500000US45015","245117","123040","1553","80185","14149","18107","45","015"
"Charleston County, South Carolina","0500000US45019","419279","215707","1440","80401","45385","47166","45","019"
"Dorchester County, South Carolina","0500000US45035","166133","82985","1293","73791","10032","10604","45","035"
"Florence County, South Carolina","0500000US45041","136721","71901","792","49527","5574","7882","45","041"
"Greenville County, South Carolina","0500000US45045","547950","280094","1155","71728","48348","50699","45","045"
"Greenwood County, South Carolina","0500000US45047","69267","37253","824","47052","3590","2821","45","047"
"Horry County, South Carolina","0500000US45051","383101","198955","1181","61063","26685","25671","45","051"
"Kershaw County, South Carolina","0500000US45055","67751","34850","947","58684","2188","3547","45","055"
"Lancaster County, South Carolina","0500000US45057","104577","54325","765","68108","7956","7078","45","057"
"Laurens County, South Carolina","0500000US45059","67965","34245","720","54334","3074","3874","45","059"
"Lexington County, South Carolina","0500000US45063","304797","156240","1052","72801","23296","22469","45","063"
"Oconee County, South Carolina","0500000US45073","80180","40162","697","55195","4663","5707","45","073"
"Orangeburg County, South Carolina","0500000US45075","83094","43841","756","40016","2455","3314","45","075"
"Pickens County, South Carolina","0500000US45077","133462","66300","873","53022","5581","6649","45","077"
"Richland County, South Carolina","0500000US45079","421566","218789","1168","60442","28756","32331","45","079"
"Spartanburg County, South Carolina","0500000US45083","345831","176850","997","57755","16746","18915","45","083"
"Sumter County, South Carolina","0500000US45085","104012","53263","1127","57775","4362","6476","45","085"
"York County, South Carolina","0500000US45091","294248","151038","1320","83613","27061","24137","45","091"
"Lincoln County, South Dakota","0500000US46083","70987","35785","1131","90600","6226","6198","46","083"
"Minnehaha County, South Dakota","0500000US46099","203971","99248","936","74253","16718","18377","46","099"
"Pennington County, South Dakota","0500000US46103","114461","56299","1011","65801","6587","9945","46","103"
"Anderson County, Tennessee","0500000US47001","78913","39676","933","67746","3575","4186","47","001"
"Blount County, Tennessee","0500000US47009","139958","71308","889","69756","9400","9751","47","009"
"Bradley County, Tennessee","0500000US47011","110616","57089","952","63659","5089","7032","47","011"
"Davidson County, Tennessee","0500000US47037","708144","366350","1463","72473","73864","79247","47","037"
"Greene County, Tennessee","0500000US47059","71405","35736","623","48918","3228","3148","47","059"
"Hamblen County, Tennessee","0500000US47063","65168","32506","720","59418","2461","1774","47","063"
"Hamilton County, Tennessee","0500000US47065","374682","192550","1184","76219","30974","32049","47","065"
"Knox County, Tennessee","0500000US47093","494574","252324","1132","69999","38993","44821","47","093"
"Madison County, Tennessee","0500000US47113","99245","52352","1024","55666","3243","5458","47","113"
"Maury County, Tennessee","0500000US47119","108159","54328","1142","68157","6404","7052","47","119"
"Montgomery County, Tennessee","0500000US47125","235201","116786","1243","67264","13069","16017","47","125"
"Putnam County, Tennessee","0500000US47141","82382","41766","840","54373","5310","5940","47","141"
"Robertson County, Tennessee","0500000US47147","75470","38031","1235","79171","3611","4905","47","147"
"Rutherford County, Tennessee","0500000US47149","360619","181507","1336","76857","26307","27314","47","149"
"Sevier County, Tennessee","0500000US47155","98789","50047","1060","59315","5108","7253","47","155"
"Shelby County, Tennessee","0500000US47157","916371","480899","1141","61516","57539","70990","47","157"
"Sullivan County, Tennessee","0500000US47163","160820","81712","833","53585","9000","10754","47","163"
"Sumner County, Tennessee","0500000US47165","203858","104538","1366","88764","15320","18090","47","165"
"Washington County, Tennessee","0500000US47179","136172","68958","922","64899","8914","10128","47","179"
"Williamson County, Tennessee","0500000US47187","260815","131772","1883","129275","33018","32692","47","187"
"Wilson County, Tennessee","0500000US47189","158555","80114","1354","87003","14108","13514","47","189"
"Angelina County, Texas","0500000US48005","87101","43859","1009","58180","3146","3272","48","005"
"Bastrop County, Texas","0500000US48021","106188","52774","1091","72663","5668","6809","48","021"
"Bell County, Texas","0500000US48027","388386","194574","1137","62137","20511","22702","48","027"
"Bexar County, Texas","0500000US48029","2059530","1034896","1254","65854","126594","137049","48","029"
"Bowie County, Texas","0500000US48037","92035","46507","889","49771","3909","5456","48","037"
"Brazoria County, Texas","0500000US48039","388181","191750","1282","86083","23889","29796","48","039"
"Brazos County, Texas","0500000US48041","242014","120545","1095","60393","15641","16003","48","041"
"Cameron County, Texas","0500000US48061","425208","215128","888","50649","17307","21054","48","061"
"Collin County, Texas","0500000US48085","1158696","581030","1737","113305","133385","132880","48","085"
"Comal County, Texas","0500000US48091","184642","92688","1525","91171","17606","17415","48","091"
"Coryell County, Texas","0500000US48099","85057","42079","1106","65846","3194","2818","48","099"
"Dallas County, Texas","0500000US48113","2600840","1307415","1432","70852","178657","188039","48","113"
"Denton County, Texas","0500000US48121","977281","492995","1586","102428","101795","107650","48","121"
"Ector County, Texas","0500000US48135","160869","79057","1115","68071","4197","7394","48","135"
"Ellis County, Texas","0500000US48139","212182","106898","1447","89856","11829","18407","48","139"
"El Paso County, Texas","0500000US48141","868763","435959","986","53424","41514","52621","48","141"
"Fort Bend County, Texas","0500000US48157","889146","449831","1697","105205","87869","93512","48","157"
"Galveston County, Texas","0500000US48167","357117","179602","1320","75565","24156","31393","48","167"
"Grayson County, Texas","0500000US48181","143131","72907","1242","66106","7210","10923","48","181"
"Gregg County, Texas","0500000US48183","125443","64068","1072","61496","6686","5270","48","183"
"Guadalupe County, Texas","0500000US48187","182760","90871","1658","87030","11982","14419","48","187"
"Harris County, Texas","0500000US48201","4780913","2399168","1288","68706","305745","342876","48","201"
"Harrison County, Texas","0500000US48203","69955","36763","898","69212","2864","3983","48","203"
"Hays County, Texas","0500000US48209","269225","135663","1310","88617","24476","27724","48","209"
"Henderson County, Texas","0500000US48213","84511","42236","1058","65283","4746","3311","48","213"
"Hidalgo County, Texas","0500000US48215","888367","449075","886","49142","35474","40560","48","215"
"Hood County, Texas","0500000US48221","66373","34049","1429","69462","5889","5372","48","221"
"Hunt County, Texas","0500000US48231","108282","54936","1219","69253","4720","5762","48","231"
"Jefferson County, Texas","0500000US48245","250830","121108","1005","54797","11532","14624","48","245"
"Johnson County, Texas","0500000US48251","195506","97011","1307","76320","8254","15137","48","251"
"Kaufman County, Texas","0500000US48257","172366","86661","1534","94868","10695","11096","48","257"
"Liberty County, Texas","0500000US48291","101992","51342","921","61525","1393","3046","48","291"
"Lubbock County, Texas","0500000US48303","317561","160649","1103","59161","18675","21265","48","303"
"McLennan County, Texas","0500000US48309","266836","135053","1172","64320","10948","15088","48","309"
"Midland County, Texas","0500000US48329","171999","83832","1249","76332","10077","11157","48","329"
"Montgomery County, Texas","0500000US48339","678490","340789","1410","94972","57307","60485","48","339"
"Nueces County, Texas","0500000US48355","351674","175164","1159","60361","16707","17029","48","355"
"Orange County, Texas","0500000US48361","84934","42075","951","64601","3377","4655","48","361"
"Parker County, Texas","0500000US48367","165834","81526","1442","96017","11922","15525","48","367"
"Potter County, Texas","0500000US48375","115645","55827","993","50661","3141","4874","48","375"
"Randall County, Texas","0500000US48381","146140","73591","1005","76744","9728","10573","48","381"
"Rockwall County, Texas","0500000US48397","123208","60945","1869","123767","10830","10093","48","397"
"San Patricio County, Texas","0500000US48409","69954","33876","1177","64741","3178","2432","48","409"
"Smith County, Texas","0500000US48423","241922","123792","1121","68192","13923","14354","48","423"
"Starr County, Texas","0500000US48427","65728","33642","662","33871","1906","2019","48","427"
"Tarrant County, Texas","0500000US48439","2154595","1093429","1389","76210","147403","168553","48","439"
"Taylor County, Texas","0500000US48441","145163","73676","1113","62107","7103","10609","48","441"
"Tom Green County, Texas","0500000US48451","118892","59099","1123","59853","6321","6494","48","451"
"Travis County, Texas","0500000US48453","1326436","647153","1624","95259","169583","160370","48","453"
"Victoria County, Texas","0500000US48469","91065","45201","1122","71192","2839","5269","48","469"
"Walker County, Texas","0500000US48471","78870","30323","876","51528","4031","5078","48","471"
"Webb County, Texas","0500000US48479","267780","134304","982","59603","12768","12757","48","479"
"Wichita County, Texas","0500000US48485","129978","62647","940","56944","6930","5982","48","485"
"Williamson County, Texas","0500000US48491","671418","336279","1748","101323","72298","74460","48","491"
"Wise County, Texas","0500000US48497","74895","36541","1277","80305","4076","5381","48","497"
"Cache County, Utah","0500000US49005","140173","69943","1190","76457","10126","9869","49","005"
"Davis County, Utah","0500000US49011","369948","182632","1576","103563","29401","29761","49","011"
"Salt Lake County, Utah","0500000US49035","1186257","584135","1440","91924","90501","100005","49","035"
"Tooele County, Utah","0500000US49045","79934","39483","1125","91386","2811","4587","49","045"
"Utah County, Utah","0500000US49049","702434","345490","1382","95338","52058","57465","49","049"
"Washington County, Utah","0500000US49053","197680","98827","1536","74543","15154","15117","49","053"
"Weber County, Utah","0500000US49057","269561","131905","1201","83949","16650","15878","49","057"
"Chittenden County, Vermont","0500000US50007","169301","86944","1490","87614","20092","19358","50","007"
"Albemarle County, Virginia","0500000US51003","114534","59067","1550","93691","10691","13502","51","003"
"Arlington County, Virginia","0500000US51013","234000","116535","2148","132380","31250","30224","51","013"
"Augusta County, Virginia","0500000US51015","78064","38423","971","80182","3248","5411","51","015"
"Bedford County, Virginia","0500000US51019","80848","40287","895","71751","7088","7426","51","019"
"Chesterfield County, Virginia","0500000US51041","378408","196020","1507","100702","36048","38546","51","041"
"Fairfax County, Virginia","0500000US51059","1138331","568666","2108","145164","122276","129738","51","059"
"Fauquier County, Virginia","0500000US51061","74664","37128","1495","130261","6332","6455","51","061"
"Frederick County, Virginia","0500000US51069","95051","47086","1483","98870","6377","7291","51","069"
"Hanover County, Virginia","0500000US51085","112938","57351","1322","103076","10745","11262","51","085"
"Henrico County, Virginia","0500000US51087","333962","175079","1381","81985","28445","36006","51","087"
"James City County, Virginia","0500000US51095","81199","42396","1526","99432","7087","8324","51","095"
"Loudoun County, Virginia","0500000US51107","432085","215239","2175","167531","49722","53151","51","107"
"Montgomery County, Virginia","0500000US51121","98915","48360","1142","71290","6386","5620","51","121"
"Prince William County, Virginia","0500000US51153","486943","241786","1848","120398","37767","42991","51","153"
"Roanoke County, Virginia","0500000US51161","96914","51161","1148","75258","8695","7005","51","161"
"Rockingham County, Virginia","0500000US51165","85397","43235","1062","72618","4769","4877","51","165"
"Spotsylvania County, Virginia","0500000US51177","146688","73248","1680","95870","10914","8821","51","177"
"Stafford County, Virginia","0500000US51179","163380","80260","1809","138378","13288","12608","51","179"
"York County, Virginia","0500000US51199","71341","36082","1518","116524","6576","7304","51","199"
"Alexandria city, Virginia","0500000US51510","155525","79154","1960","111955","20462","19594","51","510"
"Chesapeake city, Virginia","0500000US51550","252488","128262","1436","87749","16032","19083","51","550"
"Hampton city, Virginia","0500000US51650","138037","70844","1323","64924","8547","8325","51","650"
"Lynchburg city, Virginia","0500000US51680","79287","42553","937","49076","4429","5338","51","680"
"Newport News city, Virginia","0500000US51700","184306","94971","1193","64102","9807","9820","51","700"
"Norfolk city, Virginia","0500000US51710","232995","115148","1224","61090","12648","15111","51","710"
"Portsmouth city, Virginia","0500000US51740","97029","49167","1240","54611","4455","5041","51","740"
"Richmond city, Virginia","0500000US51760","229395","120629","1192","58988","20951","23506","51","760"
"Roanoke city, Virginia","0500000US51770","97847","53306","905","49570","5005","7753","51","770"
"Suffolk city, Virginia","0500000US51800","98537","50192","1438","83144","7127","6625","51","800"
"Virginia Beach city, Virginia","0500000US51810","455618","231599","1551","83245","34453","41177","51","810"
"Benton County, Washington","0500000US53005","212791","104985","1172","85529","14841","13105","53","005"
"Chelan County, Washington","0500000US53007","79926","39953","1313","86282","6861","6049","53","007"
"Clallam County, Washington","0500000US53009","77805","39222","1057","66139","6248","5073","53","009"
"Clark County, Washington","0500000US53011","516779","259507","1584","91248","37344","36446","53","011"
"Cowlitz County, Washington","0500000US53015","111956","56081","1141","72055","4033","4517","53","015"
"Franklin County, Washington","0500000US53021","98678","47688","1244","79224","4080","2258","53","021"
"Grant County, Washington","0500000US53025","101311","49966","1084","63819","3196","4297","53","025"
"Grays Harbor County, Washington","0500000US53027","77038","37811","931","62523","4138","4602","53","027"
"Island County, Washington","0500000US53029","86625","41634","1564","81783","6987","6740","53","029"
"King County, Washington","0500000US53033","2266789","1114979","1917","116255","270478","257441","53","033"
"Kitsap County, Washington","0500000US53035","277673","134023","1700","94775","21572","24341","53","035"
"Lewis County, Washington","0500000US53041","85370","42348","999","69067","3633","4473","53","041"
"Mason County, Washington","0500000US53045","68166","32842","1167","80139","3216","3832","53","045"
"Pierce County, Washington","0500000US53053","927380","460656","1691","93420","52863","64828","53","053"
"Skagit County, Washington","0500000US53057","131179","64287","1482","79001","7718","9791","53","057"
"Snohomish County, Washington","0500000US53061","840079","415767","1815","101532","73965","76151","53","061"
"Spokane County, Washington","0500000US53063","549690","275703","1195","69070","39894","42924","53","063"
"Thurston County, Washington","0500000US53067","298758","151654","1585","88853","20805","27006","53","067"
"Whatcom County, Washington","0500000US53073","230677","117260","1426","79220","19579","19647","53","073"
"Yakima County, Washington","0500000US53077","257001","127252","1051","63865","9238","10839","53","077"
"Berkeley County, West Virginia","0500000US54003","129490","64696","1161","69558","6573","7936","54","003"
"Cabell County, West Virginia","0500000US54011","92730","47653","893","52237","5747","6708","54","011"
"Harrison County, West Virginia","0500000US54033","64915","32906","838","58092","3479","4342","54","033"
"Kanawha County, West Virginia","0500000US54039","175515","90982","837","55215","10821","11620","54","039"
"Monongalia County, West Virginia","0500000US54061","106869","51451","871","55708","7959","7220","54","061"
"Raleigh County, West Virginia","0500000US54081","72882","36652","735","51705","3141","4364","54","081"
"Wood County, West Virginia","0500000US54107","83340","42524","763","58787","3923","5292","54","107"
"Brown County, Wisconsin","0500000US55009","270036","135251","901","71127","20532","19462","55","009"
"Chippewa County, Wisconsin","0500000US55017","66807","31681","859","75128","3743","4309","55","017"
"Dane County, Wisconsin","0500000US55025","568203","283226","1258","84831","60786","63494","55","025"
"Dodge County, Wisconsin","0500000US55027","88282","42449","954","67762","4057","5047","55","027"
"Eau Claire County, Wisconsin","0500000US55035","106837","53192","992","70411","8389","8323","55","035"
"Fond du Lac County, Wisconsin","0500000US55039","103836","52278","905","69948","4067","6747","55","039"
"Jefferson County, Wisconsin","0500000US55055","85784","42365","1015","78628","5600","5276","55","055"
"Kenosha County, Wisconsin","0500000US55059","167817","83957","1038","74534","10187","12096","55","059"
"La Crosse County, Wisconsin","0500000US55063","120294","60126","967","69492","7052","9741","55","063"
"Manitowoc County, Wisconsin","0500000US55071","81172","40151","746","61673","3584","6657","55","071"
"Marathon County, Wisconsin","0500000US55073","137958","68164","895","69740","9154","10724","55","073"
"Milwaukee County, Wisconsin","0500000US55079","918661","471515","1012","58214","59117","71464","55","079"
"Outagamie County, Wisconsin","0500000US55087","192127","95187","969","78234","15612","18212","55","087"
"Ozaukee County, Wisconsin","0500000US55089","93009","47105","1146","88781","11071","9840","55","089"
"Portage County, Wisconsin","0500000US55097","70718","34538","810","70061","4759","4501","55","097"
"Racine County, Wisconsin","0500000US55101","195846","97700","980","71788","13309","15941","55","101"
"Rock County, Wisconsin","0500000US55105","164060","81479","1040","66451","8118","11135","55","105"
"St. Croix County, Wisconsin","0500000US55109","96017","47735","979","96130","7863","10278","55","109"
"Sauk County, Wisconsin","0500000US55111","65777","33031","958","69475","3783","5013","55","111"
"Sheboygan County, Wisconsin","0500000US55117","117841","57815","882","62978","7465","8315","55","117"
"Walworth County, Wisconsin","0500000US55127","105380","52454","1061","72713","7484","8032","55","127"
"Washington County, Wisconsin","0500000US55131","137688","68439","1059","88807","10867","12654","55","131"
"Waukesha County, Wisconsin","0500000US55133","410434","205187","1214","98849","44486","46745","55","133"
"Winnebago County, Wisconsin","0500000US55139","170718","83785","863","69405","10548","11233","55","139"
"Wood County, Wisconsin","0500000US55141","73993","37271","887","63643","3722","5407","55","141"
"Laramie County, Wyoming","0500000US56021","100723","49334","1073","71621","6329","5776","56","021"
"Natrona County, Wyoming","0500000US56025","79601","39200","902","69627","4814","5340","56","025"
"Arecibo Municipio, Puerto Rico","0500000US72013","86090","44136","491","25016","4987","10081","72","013"
"Bayamón Municipio, Puerto Rico","0500000US72021","181577","96919","646","27843","11459","18773","72","021"
"Caguas Municipio, Puerto Rico","0500000US72025","125136","66585","616","24929","7137","12598","72","025"
"Carolina Municipio, Puerto Rico","0500000US72031","151571","82812","594","35776","10651","18553","72","031"
"Guaynabo Municipio, Puerto Rico","0500000US72061","89057","47369","774","41202","8577","10723","72","061"
"Mayagüez Municipio, Puerto Rico","0500000US72097","70609","36898","493","17836","3141","5557","72","097"
"Ponce Municipio, Puerto Rico","0500000US72113","132138","69383","542","17700","7045","12288","72","113"
"San Juan Municipio, Puerto Rico","0500000US72127","334776","182079","550","25163","29147","39783","72","127"
"Toa Alta Municipio, Puerto Rico","0500000US72135","66041","35049","664","44584","4070","7285","72","135"
"Toa Baja Municipio, Puerto Rico","0500000US72137","72783","38663","574","29850","5066","6586","72","137"
"Trujillo Alto Municipio, Puerto Rico","0500000US72139","66810","35559","558","29108",,,"72","139"
