NAME,GEO_ID,total_population,female_population,median_gross_rent_in_dollars,median_household_income_past12months,male_bachelors_degree_25yrs_above,female_bachelors_degree_25yrs_above,state,county
"Baldwin County, Alabama","0500000US01003","253507","128989","1286","72915","20361","18791","01","003"
"Calhoun County, Alabama","0500000US01015","116429","60244","782","50780","4121","6154","01","015"
"Cullman County, Alabama","0500000US01043","92016","47001","788","58923","2761","4265","01","043"
"DeKalb County, Alabama","0500000US01049","72569","36228","659","43509","2455","2098","01","049"
"Elmore County, Alabama","0500000US01051","90441","45834","933","72478","6377","5932","01","051"
"Etowah County, Alabama","0500000US01055","103241","54822","760","52192","3272","4410","01","055"
"Houston County, Alabama","0500000US01069","108462","56453","957","59335","4773","5491","01","069"
"Jefferson County, Alabama","0500000US01073","662895","348795","1164","64623","41628","54589","01","073"
"Lauderdale County, Alabama","0500000US01077","96814","50847","745","64864","5203","6600","01","077"
"Lee County, Alabama","0500000US01081","183215","94066","979","60358","12973","14745","01","081"
"Limestone County, Alabama","0500000US01083","114654","57293","999","81942","7006","9608","01","083"
"Madison County, Alabama","0500000US01089","412600","210015","1263","86192","40357","40323","01","089"
"Marshall County, Alabama","0500000US01095","100756","50580","724","60298","4976","4637","01","095"
"Mobile County, Alabama","0500000US01097","411640","214585","1022","55352","22055","26730","01","097"
"Montgomery County, Alabama","0500000US01101","224980","118567","1023","60739","13596","15712","01","101"
"Morgan County, Alabama","0500000US01103","125133","63956","870","75028","6386","8119","01","103"
"St. Clair County, Alabama","0500000US01115","95552","48455","1027","81334","5042","5637","01","115"
"Shelby County, Alabama","0500000US01117","233000","119678","1363","88070","22888","21458","01","117"
"Talladega County, Alabama","0500000US01121","81132","41883","728","61111","2140","2735","01","121"
"Tuscaloosa County, Alabama","0500000US01125","237373","122562","975","60926","11098","15647","01","125"
"Anchorage Municipality, Alaska","0500000US02020","286075","139237","1474","94437","23186","23677","02","020"
"Fairbanks North Star Borough, Alaska","0500000US02090","94840","42575","1503","86391","5231","6577","02","090"
"Matanuska-Susitna Borough, Alaska","0500000US02170","115239","54396","1195","93673","5486","7150","02","170"
"Apache County, Arizona","0500000US04001","65036","33064","607","40539","1592","2379","04","001"
"Cochise County, Arizona","0500000US04003","124640","61397","988","52025","7037","6531","04","003"
"Coconino County, Arizona","0500000US04005","144472","72942","1579","71738","9755","10478","04","005"
"Maricopa County, Arizona","0500000US04013","4585871","2305417","1766","87048","348432","362289","04","013"
"Mohave County, Arizona","0500000US04015","223682","110463","1077","55954","7839","10631","04","015"
"Navajo County, Arizona","0500000US04017","109175","54026","869","50754","3342","5035","04","017"
"Pima County, Arizona","0500000US04019","1063162","537803","1263","69758","69398","83833","04","019"
"Pinal County, Arizona","0500000US04021","484239","235466","1520","77143","24685","28442","04","021"
"Yavapai County, Arizona","0500000US04025","249081","127267","1442","67245","17869","17756","04","025"
"Yuma County, Arizona","0500000US04027","213221","102948","1055","62888","8282","8601","04","027"
"Benton County, Arkansas","0500000US05007","311013","156404","1365","92759","24642","26441","05","007"
"Craighead County, Arkansas","0500000US05031","113993","58294","968","59776","4817","7250","05","031"
"Faulkner County, Arkansas","0500000US05045","129951","67137","1000","67786","7952","9459","05","045"
"Garland County, Arkansas","0500000US05051","99784","51882","944","52275","6565","8855","05","051"
"Jefferson County, Arkansas","0500000US05069","63661","31831","904","49045","2564","4004","05","069"
"Lonoke County, Arkansas","0500000US05085","75944","39097","1065","75327","3270","5242","05","085"
"Pulaski County, Arkansas","0500000US05119","400009","208533","1060","61129","28168","31997","05","119"
"Saline County, Arkansas","0500000US05125","129574","65736","965","77278","7275","9836","05","125"
"Sebastian County, Arkansas","0500000US05131","129098","65823","885","57949","6117","6273","05","131"
"Washington County, Arkansas","0500000US05143","261549","130131","1112","65465","19103","15574","05","143"
"White County, Arkansas","0500000US05145","78452","40185","780","53688","2520","3937","05","145"
"Alameda County, California","0500000US06001","1622188","817659","2303","119931","155217","173795","06","001"
"Butte County, California","0500000US06007","207172","103822","1434","63222","12237","13213","06","007"
"Contra Costa County, California","0500000US06013","1155025","586989","2314","122794","108623","121372","06","013"
"El Dorado County, California","0500000US06017","192215","96104","1761","108594","17471","19034","06","017"
"Fresno County, California","0500000US06019","1017162","506756","1410","71689","48318","51595","06","019"
"Humboldt County, California","0500000US06023","133985","67652","1246","61621","11152","11574","06","023"
"Imperial County, California","0500000US06025","179057","88293","1022","60243","4940","6208","06","025"
"Kern County, California","0500000US06029","913820","450092","1286","68893","30613","37760","06","029"
"Kings County, California","0500000US06031","152682","68788","1220","66429","3470","3740","06","031"
"Lake County, California","0500000US06033","67878","34409","1544","59444","1784","2666","06","033"
"Los Angeles County, California","0500000US06037","9663345","4881856","1896","86587","753132","828496","06","037"
"Madera County, California","0500000US06039","162858","81714","1477","66553","5619","5106","06","039"
"Marin County, California","0500000US06041","254407","129473","2614","139644","27048","30357","06","041"
"Mendocino County, California","0500000US06045","89108","43493","1439","67454","4784","7468","06","045"
"Merced County, California","0500000US06047","291920","145064","1294","57570","7308","9350","06","047"
"Monterey County, California","0500000US06053","430723","212602","2004","88035","21989","23889","06","053"
"Napa County, California","0500000US06055","133216","66730","2239","104686","10702","13752","06","055"
"Nevada County, California","0500000US06057","102037","52747","1782","87998","10117","9811","06","057"
"Orange County, California","0500000US06059","3135755","1583727","2382","110042","304962","316618","06","059"
"Placer County, California","0500000US06061","423561","214903","2009","109713","42684","44259","06","061"
"Riverside County, California","0500000US06065","2492442","1242146","1871","90527","137733","143731","06","065"
"Sacramento County, California","0500000US06067","1584288","804705","1762","90252","111193","132342","06","067"
"San Benito County, California","0500000US06069","68175","33930","1985","107324","3075","4072","06","069"
"San Bernardino County, California","0500000US06071","2195611","1096922","1831","85069","97646","116001","06","071"
"San Diego County, California","0500000US06073","3269973","1617431","2296","103674","292431","307003","06","073"
"San Francisco County, California","0500000US06075","808988","392928","2356","126730","114585","110017","06","075"
"San Joaquin County, California","0500000US06077","800965","400081","1655","87418","38021","46298","06","077"
"San Luis Obispo County, California","0500000US06079","281639","139806","1922","90670","25033","22781","06","079"
"San Mateo County, California","0500000US06081","726353","363452","2797","151485","73112","86225","06","081"
"Santa Barbara County, California","0500000US06083","441257","221142","1988","91197","29185","31437","06","083"
"Santa Clara County, California","0500000US06085","1877592","920480","2781","154954","187292","193954","06","085"
"Santa Cruz County, California","0500000US06087","261547","130635","2055","105631","21255","22877","06","087"
"Shasta County, California","0500000US06089","180366","92646","1351","75949","8872","11298","06","089"
"Solano County, California","0500000US06095","449218","224381","2059","100027","27389","33831","06","095"
"Sonoma County, California","0500000US06097","481812","244370","2061","100707","38101","47060","06","097"
"Stanislaus County, California","0500000US06099","551430","276261","1595","82758","20755","28369","06","099"
"Sutter County, California","0500000US06101","97948","50746","1403","74727","4127","4342","06","101"
"Tehama County, California","0500000US06103","64896","32236","1126","55128","3145","3670","06","103"
"Tulare County, California","0500000US06107","479468","239029","1277","73097","13411","16722","06","107"
"Ventura County, California","0500000US06111","829590","417424","2264","107667","64241","69056","06","111"
"Yolo County, California","0500000US06113","220544","112464","1900","93203","14853","16112","06","113"
"Yuba County, California","0500000US06115","85722","41605","1304","80396","3074","3014","06","115"
"Adams County, Colorado","0500000US08001","533365","262239","1811","97706","33893","37900","08","001"
"Arapahoe County, Colorado","0500000US08005","656061","329118","1933","98239","62451","68561","08","005"
"Boulder County, Colorado","0500000US08013","326831","161875","1915","95363","39689","37242","08","013"
"Broomfield County, Colorado","0500000US08014","76860","37749","2086","112139","10136","8321","08","014"
"Denver County, Colorado","0500000US08031","716577","353272","1843","94157","88583","91482","08","031"
"Douglas County, Colorado","0500000US08035","383906","191577","2219","143150","51539","50864","08","035"
"El Paso County, Colorado","0500000US08041","744215","365762","1708","89549","62311","67831","08","041"
"Jefferson County, Colorado","0500000US08059","576366","285274","1851","102231","71139","70289","08","059"
"Larimer County, Colorado","0500000US08069","370771","185400","1699","88182","38526","38672","08","069"
"Mesa County, Colorado","0500000US08077","159681","81080","1184","64722","11343","13701","08","077"
"Pueblo County, Colorado","0500000US08101","169422","84914","1165","65161","8450","10747","08","101"
"Weld County, Colorado","0500000US08123","359442","176969","1569","91047","25382","25683","08","123"
"Capitol Planning Region, Connecticut","0500000US09110","975328","497724","1389","91005","73056","79292","09","110"
"Greater Bridgeport Planning Region, Connecticut","0500000US09120","327651","166369","1488","95085","26362","27939","09","120"
"Lower Connecticut River Valley Planning Region, Connecticut","0500000US09130","176215","89363","1449","99275","17475","17095","09","130"
"Naugatuck Valley Planning Region, Connecticut","0500000US09140","456128","233485","1298","81326","28285","29900","09","140"
"Northeastern Connecticut Planning Region, Connecticut","0500000US09150","96692","48172","1217","88806","6296","6706","09","150"
"Northwest Hills Planning Region, Connecticut","0500000US09160","113463","56209","1141","91020","9711","9515","09","160"
"South Central Connecticut Planning Region, Connecticut","0500000US09170","568158","294043","1471","80733","43847","44047","09","170"
"Southeastern Connecticut Planning Region, Connecticut","0500000US09180","279634","139169","1348","82652","17764","21630","09","180"
"Western Connecticut Planning Region, Connecticut","0500000US09190","623907","316924","2076","121429","65338","66988","09","190"
"Kent County, Delaware","0500000US10001","189789","98864","1320","72910","9325","12451","10","001"
"New Castle County, Delaware","0500000US10003","578592","297772","1393","86961","41758","50915","10","003"
"Sussex County, Delaware","0500000US10005","263509","136260","1236","78061","17929","21187","10","005"
"District of Columbia, District of Columbia","0500000US11001","678972","357382","1904","108210","65053","64898","11","001"
"Alachua County, Florida","0500000US12001","285994","148553","1370","61488","18689","18929","12","001"
"Bay County, Florida","0500000US12005","190769","96632","1534","71696","11904","14777","12","005"
"Brevard County, Florida","0500000US12009","643979","325338","1648","78575","50093","47843","12","009"
"Broward County, Florida","0500000US12011","1962531","998794","1961","74531","150363","165366","12","011"
"Charlotte County, Florida","0500000US12015","206134","104808","1520","71806","13325","14582","12","015"
"Citrus County, Florida","0500000US12017","166696","85535","1138","53777","8485","10376","12","017"
"Clay County, Florida","0500000US12019","232439","117207","1619","81758","16631","16047","12","019"
"Collier County, Florida","0500000US12021","404310","204408","2039","90072","36449","37264","12","021"
"Columbia County, Florida","0500000US12023","73063","36351","998","60812","3071","2802","12","023"
"Duval County, Florida","0500000US12031","1030822","531157","1516","69436","75066","89808","12","031"
"Escambia County, Florida","0500000US12033","326928","165040","1394","72037","20960","24094","12","033"
"Flagler County, Florida","0500000US12035","131439","67242","1749","71682","9558","12476","12","035"
"Hernando County, Florida","0500000US12053","212807","110612","1392","64508","9954","12255","12","053"
"Highlands County, Florida","0500000US12055","107614","54913","1073","51165","4942","5887","12","055"
"Hillsborough County, Florida","0500000US12057","1535564","778594","1757","76687","115691","130087","12","057"
"Indian River County, Florida","0500000US12061","169795","88206","1409","72920","11385","14175","12","061"
"Lake County, Florida","0500000US12069","424462","217823","1644","70730","30071","36048","12","069"
"Lee County, Florida","0500000US12071","834573","423951","1797","71547","60633","61676","12","071"
"Leon County, Florida","0500000US12073","296913","156557","1284","65981","24300","25843","12","073"
"Manatee County, Florida","0500000US12081","441095","226776","1771","79524","40100","37290","12","081"
"Marion County, Florida","0500000US12083","409959","211047","1365","58606","20177","24615","12","083"
"Martin County, Florida","0500000US12085","163315","81469","1585","74601","15894","17912","12","085"
"Miami-Dade County, Florida","0500000US12086","2686867","1366734","1864","72311","189601","227113","12","086"
"Monroe County, Florida","0500000US12087","80614","38186","2091","88870","6971","6458","12","087"
"Nassau County, Florida","0500000US12089","101501","51501","1546","90671","8062","8012","12","089"
"Okaloosa County, Florida","0500000US12091","218464","107183","1710","83024","14985","17092","12","091"
"Orange County, Florida","0500000US12095","1471416","747611","1815","79053","119997","142468","12","095"
"Osceola County, Florida","0500000US12097","437784","221187","1802","77466","28807","37890","12","097"
"Palm Beach County, Florida","0500000US12099","1533801","785330","1982","84921","138237","148605","12","099"
"Pasco County, Florida","0500000US12101","632996","322921","1540","72317","39381","46267","12","101"
"Pinellas County, Florida","0500000US12103","961596","495996","1776","70768","90256","88950","12","103"
"Polk County, Florida","0500000US12105","818330","414206","1403","66909","46323","50951","12","105"
"Putnam County, Florida","0500000US12107","75955","38886","964","52256","3544","3162","12","107"
"St. Johns County, Florida","0500000US12109","320110","163404","2037","105153","37906","39673","12","109"
"St. Lucie County, Florida","0500000US12111","373586","190881","1729","66530","20152","21145","12","111"
"Santa Rosa County, Florida","0500000US12113","203162","99278","1269","87862","13723","15969","12","113"
"Sarasota County, Florida","0500000US12115","469013","244173","1940","77705","45133","48648","12","115"
"Seminole County, Florida","0500000US12117","484271","248237","1803","80547","47043","51677","12","117"
"Sumter County, Florida","0500000US12119","151565","77337","1347","74715","17091","14523","12","119"
"Volusia County, Florida","0500000US12127","590357","300638","1480","66273","37194","43809","12","127"
"Walton County, Florida","0500000US12131","86354","42264","1720","78801","6842","7731","12","131"
"Barrow County, Georgia","0500000US13013","92792","45926","1285","65914","3281","3878","13","013"
"Bartow County, Georgia","0500000US13015","115041","57991","1383","80511","6741","8101","13","015"
"Bibb County, Georgia","0500000US13021","156512","82538","1038","51254","6140","8470","13","021"
"Bulloch County, Georgia","0500000US13031","84327","43450","927","54007","5082","4886","13","031"
"Carroll County, Georgia","0500000US13045","127098","65114","1174","71891","5753","6446","13","045"
"Catoosa County, Georgia","0500000US13047","68910","34816","971","70653","2973","3614","13","047"
"Chatham County, Georgia","0500000US13051","303655","157840","1485","70904","23470","28535","13","051"
"Cherokee County, Georgia","0500000US13057","286602","145191","1857","103691","27817","28736","13","057"
"Clarke County, Georgia","0500000US13059","129933","68204","1281","54352","9599","9562","13","059"
"Clayton County, Georgia","0500000US13063","298300","159263","1440","58359","12854","19936","13","063"
"Cobb County, Georgia","0500000US13067","776743","398079","1740","99382","79094","91524","13","067"
"Columbia County, Georgia","0500000US13073","165162","85005","1339","96540","10563","11535","13","073"
"Coweta County, Georgia","0500000US13077","155892","78482","1546","92150","13292","13080","13","077"
"DeKalb County, Georgia","0500000US13089","762992","401115","1707","77861","65521","73496","13","089"
"Dougherty County, Georgia","0500000US13095","82645","45388","856","45769","1658","2452","13","095"
"Douglas County, Georgia","0500000US13097","149160","77274","1594","81339","9634","10008","13","097"
"Effingham County, Georgia","0500000US13103","71541","37008","1170","81733","4464","3631","13","103"
"Fayette County, Georgia","0500000US13113","123351","64960","1712","106849","13431","12348","13","113"
"Floyd County, Georgia","0500000US13115","100113","50818","993","62098","5554","5766","13","115"
"Forsyth County, Georgia","0500000US13117","272887","136002","2166","134821","30113","31415","13","117"
"Fulton County, Georgia","0500000US13121","1079105","554871","1775","95371","121531","136645","13","121"
"Glynn County, Georgia","0500000US13127","86172","43969","1267","71914","6013","7466","13","127"
"Gwinnett County, Georgia","0500000US13135","983526","501153","1847","83917","71473","78480","13","135"
"Hall County, Georgia","0500000US13139","217267","109355","1360","77891","13058","13862","13","139"
"Henry County, Georgia","0500000US13151","254613","133840","1838","80374","16560","19685","13","151"
"Houston County, Georgia","0500000US13153","171974","87647","1179","75825","11103","11495","13","153"
"Jackson County, Georgia","0500000US13157","88615","45720","1111","84749","4652","5327","13","157"
"Liberty County, Georgia","0500000US13179","69210","33309","1236","58308","2318","2960","13","179"
"Lowndes County, Georgia","0500000US13185","120712","62218","1029","54509","5725","8079","13","185"
"Muscogee County, Georgia","0500000US13215","201877","104837","1004","51835","10359","13693","13","215"
"Newton County, Georgia","0500000US13217","120135","64315","1564","79640","4201","7586","13","217"
"Paulding County, Georgia","0500000US13223","183164","93272","1798","94126","10691","13033","13","223"
"Richmond County, Georgia","0500000US13245","205414","107222","1149","51985","8619","11883","13","245"
"Rockdale County, Georgia","0500000US13247","95987","51138","1553","82339","6218","7798","13","247"
"Spalding County, Georgia","0500000US13255","69946","36876","1073","56169","2658","3394","13","255"
"Troup County, Georgia","0500000US13285","70742","36767","1126","64728","4176","3332","13","285"
"Walker County, Georgia","0500000US13295","69489","34910","796","58594","3152","2491","13","295"
"Walton County, Georgia","0500000US13297","106702","54022","1402","77346","5479","5952","13","297"
"Whitfield County, Georgia","0500000US13313","103687","51944","935","62824","4711","3840","13","313"
"Hawaii County, Hawaii","0500000US15001","207615","105066","1492","74580","11800","17168","15","001"
"Honolulu County, Hawaii","0500000US15003","989408","491043","2033","103131","82970","90628","15","003"
"Kauai County, Hawaii","0500000US15007","73851","37391","1816","103564","5165","5360","15","007"
"Maui County, Hawaii","0500000US15009","164244","82498","1828","83691","9646","14491","15","009"
"Ada County, Idaho","0500000US16001","524673","260904","1599","90526","52324","52584","16","001"
"Bannock County, Idaho","0500000US16005","90400","44743","1068","68495","4603","8074","16","005"
"Bonneville County, Idaho","0500000US16019","131366","66421","1182","73649","9790","10014","16","019"
"Canyon County, Idaho","0500000US16027","257674","128763","1366","72007","13183","16693","16","027"
"Kootenai County, Idaho","0500000US16055","185010","92211","1426","73456","13802","14062","16","055"
"Twin Falls County, Idaho","0500000US16083","95156","46597","1142","66643","3588","4932","16","083"
"Champaign County, Illinois","0500000US17019","205644","103217","987","59574","13251","14422","17","019"
"Cook County, Illinois","0500000US17031","5087072","2605602","1386","80579","427649","473241","17","031"
"DeKalb County, Illinois","0500000US17037","100288","49062","1037","67697","6375","5542","17","037"
"DuPage County, Illinois","0500000US17043","921213","465534","1672","106961","97070","100009","17","043"
"Kane County, Illinois","0500000US17089","514982","256751","1479","97633","41208","45857","17","089"
"Kankakee County, Illinois","0500000US17091","105940","52977","1058","66788","4201","4706","17","091"
"Kendall County, Illinois","0500000US17093","139976","69950","1714","111349","10286","10746","17","093"
"Lake County, Illinois","0500000US17097","708760","353395","1406","108364","61210","70329","17","097"
"LaSalle County, Illinois","0500000US17099","108309","52619","885","72737","4797","6453","17","099"
"McHenry County, Illinois","0500000US17111","312800","155452","1369","100884","26267","25962","17","111"
"McLean County, Illinois","0500000US17113","170441","87443","1013","77200","16203","17666","17","113"
"Macon County, Illinois","0500000US17115","100591","52278","822","58297","5266","5078","17","115"
"Madison County, Illinois","0500000US17119","262752","132775","999","73041","18800","21951","17","119"
"Peoria County, Illinois","0500000US17143","177513","92063","938","61488","10795","15062","17","143"
"Rock Island County, Illinois","0500000US17161","141236","72274","845","63087","7336","8019","17","161"
"St. Clair County, Illinois","0500000US17163","251018","129454","1077","65546","14106","16174","17","163"
"Sangamon County, Illinois","0500000US17167","193491","100340","956","72496","14236","17996","17","167"
"Tazewell County, Illinois","0500000US17179","129541","65597","869","72056","8027","11200","17","179"
"Vermilion County, Illinois","0500000US17183","71652","35944","850","46507","1815","2801","17","183"
"Will County, Illinois","0500000US17197","700728","351296","1527","103482","51586","55193","17","197"
"Williamson County, Illinois","0500000US17199","66706","33874","980","60135","3639","3052","17","199"
"Winnebago County, Illinois","0500000US17201","280922","143231","988","65513","12733","13926","17","201"
"Allen County, Indiana","0500000US18003","394545","198869","957","65704","27205","27980","18","003"
"Bartholomew County, Indiana","0500000US18005","84003","40706","1169","81832","5084","6604","18","005"
"Boone County, Indiana","0500000US18011","76120","38430","1303","103592","6210","7868","18","011"
"Clark County, Indiana","0500000US18019","125467","64354","1109","71711","6442","8385","18","019"
"Delaware County, Indiana","0500000US18035","112321","57617","878","55206","4900","5129","18","035"
"Elkhart County, Indiana","0500000US18039","206409","102786","1079","67188","7596","9253","18","039"
"Floyd County, Indiana","0500000US18043","80809","42113","991","80023","4652","5799","18","043"
"Grant County, Indiana","0500000US18053","66200","33957","734","52214","3013","2905","18","053"
"Hamilton County, Indiana","0500000US18057","371645","187955","1510","118777","46389","51973","18","057"
"Hancock County, Indiana","0500000US18059","86166","42954","1166","93906","7073","6930","18","059"
"Hendricks County, Indiana","0500000US18063","186387","92391","1431","93440","12923","17426","18","063"
"Howard County, Indiana","0500000US18067","83831","42833","949","61267","3641","4640","18","067"
"Johnson County, Indiana","0500000US18081","167819","83799","1249","92231","11858","14724","18","081"
"Kosciusko County, Indiana","0500000US18085","80364","40362","1010","70140","4020","5169","18","085"
"Lake County, Indiana","0500000US18089","500598","257032","1116","69166","28951","32815","18","089"
"LaPorte County, Indiana","0500000US18091","111706","54090","994","62868","5052","7287","18","091"
"Madison County, Indiana","0500000US18095","132504","65702","935","62012","6199","6601","18","095"
"Marion County, Indiana","0500000US18097","968460","499585","1187","66582","68580","77745","18","097"
"Monroe County, Indiana","0500000US18105","139342","69919","1130","58970","9915","11672","18","105"
"Morgan County, Indiana","0500000US18109","73227","36661","951","71723","3416","4242","18","109"
"Porter County, Indiana","0500000US18127","175335","88582","1127","77410","11226","12931","18","127"
"St. Joseph County, Indiana","0500000US18141","272848","137731","1077","65751","16522","19395","18","141"
"Tippecanoe County, Indiana","0500000US18157","188792","91098","1131","60762","13199","12153","18","157"
"Vanderburgh County, Indiana","0500000US18163","179810","90797","938","60459","10284","11028","18","163"
"Vigo County, Indiana","0500000US18167","106153","53004","927","47659","4754","6564","18","167"
"Warrick County, Indiana","0500000US18173","65867","33115","1021","85260","5080","5984","18","173"
"Wayne County, Indiana","0500000US18177","66127","33835","825","51798","2418","2865","18","177"
"Black Hawk County, Iowa","0500000US19013","130471","66174","942","59707","7741","8527","19","013"
"Dallas County, Iowa","0500000US19049","111092","56363","1430","97895","11027","10696","19","049"
"Dubuque County, Iowa","0500000US19061","98887","50128","868","71940","6339","8038","19","061"
"Johnson County, Iowa","0500000US19103","157528","80715","1089","71563","13811","14602","19","103"
"Linn County, Iowa","0500000US19113","228972","115597","942","72279","19734","18009","19","113"
"Polk County, Iowa","0500000US19153","505255","253364","1137","78979","45607","47328","19","153"
"Pottawattamie County, Iowa","0500000US19155","93179","47716","902","70640","4183","4951","19","155"
"Scott County, Iowa","0500000US19163","174270","87808","993","76822","15234","13763","19","163"
"Story County, Iowa","0500000US19169","98566","46865","991","68527","7791","8664","19","169"
"Woodbury County, Iowa","0500000US19193","105951","51989","1025","64913","4882","4850","19","193"
"Butler County, Kansas","0500000US20015","68632","33652","992","74566","5068","4820","20","015"
"Douglas County, Kansas","0500000US20045","120553","60316","1056","66997","9593","8254","20","045"
"Johnson County, Kansas","0500000US20091","622237","314380","1427","102702","78443","73843","20","091"
"Leavenworth County, Kansas","0500000US20103","83518","39267","1175","81921","5180","6440","20","103"
"Riley County, Kansas","0500000US20161","71402","32838","1095","62623",,,"20","161"
"Sedgwick County, Kansas","0500000US20173","528469","265397","974","66646","34308","36736","20","173"
"Shawnee County, Kansas","0500000US20177","177746","90549","962","62512","11048","11273","20","177"
"Wyandotte County, Kansas","0500000US20209","165281","83036","1113","61766","5652","7169","20","209"
"Boone County, Kentucky","0500000US21015","140496","70953","1397","87550","11416","11097","21","015"
"Bullitt County, Kentucky","0500000US21029","84863","42252","907","73901","3229","4676","21","029"
"Campbell County, Kentucky","0500000US21037","93702","47297","1292","81451","7754","6350","21","037"
"Christian County, Kentucky","0500000US21047","72032","34280","1032","55458","3080","3405","21","047"
"Daviess County, Kentucky","0500000US21059","103458","52962","904","61922","4098","5062","21","059"
"Fayette County, Kentucky","0500000US21067","320154","162440","1145","66392","30827","28660","21","067"
"Hardin County, Kentucky","0500000US21093","112273","56213","952","63502","5286","6331","21","093"
"Jefferson County, Kentucky","0500000US21111","772144","397293","1123","64542","58398","56854","21","111"
"Kenton County, Kentucky","0500000US21117","171321","86969","1083","79392","14579","13138","21","117"
"McCracken County, Kentucky","0500000US21145","67428","34895","764","60720","2756","4630","21","145"
"Madison County, Kentucky","0500000US21151","96735","49556","804","65502","6334","6800","21","151"
"Oldham County, Kentucky","0500000US21185","70183","32650","1032","119553","6434","6729","21","185"
"Pulaski County, Kentucky","0500000US21199","66191","33221","850","55667","1418","1959","21","199"
"Warren County, Kentucky","0500000US21227","142229","73386","972","61067","9534","8643","21","227"
"Ascension Parish, Louisiana","0500000US22005","131632","66706","1176","90190","6025","8578","22","005"
"Bossier Parish, Louisiana","0500000US22015","129795","65371","1163","71365","5828","6490","22","015"
"Caddo Parish, Louisiana","0500000US22017","226386","119837","996","50375","11030","16275","22","017"
"Calcasieu Parish, Louisiana","0500000US22019","203761","103334","1081","63890","10120","13109","22","019"
"East Baton Rouge Parish, Louisiana","0500000US22033","448467","234231","1131","59443","31368","34476","22","033"
"Iberia Parish, Louisiana","0500000US22045","67659","34433","836","53352","1875","3279","22","045"
"Jefferson Parish, Louisiana","0500000US22051","421777","216460","1135","61085","24953","26479","22","051"
"Lafayette Parish, Louisiana","0500000US22055","249750","128500","972","63116","18810","22335","22","055"
"Lafourche Parish, Louisiana","0500000US22057","95056","47781","1088","55926","2907","7553","22","057"
"Livingston Parish, Louisiana","0500000US22063","150145","76318","1003","72725","5919","6862","22","063"
"Orleans Parish, Louisiana","0500000US22071","364136","193253","1203","55580","27368","33529","22","071"
"Ouachita Parish, Louisiana","0500000US22073","157568","82628","940","52695","8500","12886","22","073"
"Rapides Parish, Louisiana","0500000US22079","126260","64055","929","51301","4215","7257","22","079"
"St. Landry Parish, Louisiana","0500000US22097","81464","42336","658","41393","1520","2875","22","097"
"St. Tammany Parish, Louisiana","0500000US22103","275583","140066","1259","76420","21520","23219","22","103"
"Tangipahoa Parish, Louisiana","0500000US22105","138064","71279","987","54417","4625","8335","22","105"
"Terrebonne Parish, Louisiana","0500000US22109","103616","50766","1043","64084","3962","4869","22","109"
"Androscoggin County, Maine","0500000US23001","113765","57706","997","63404","6057","6856","23","001"
"Aroostook County, Maine","0500000US23003","67351","33539","859","57030","4695","5660","23","003"
"Cumberland County, Maine","0500000US23005","310230","159667","1609","98369","36760","41180","23","005"
"Kennebec County, Maine","0500000US23011","127259","64906","1055","64083","8616","8932","23","011"
"Penobscot County, Maine","0500000US23019","155312","78460","1105","66333","8830","10637","23","019"
"York County, Maine","0500000US23031","218586","111120","1473","86430","17360","24658","23","031"
"Allegany County, Maryland","0500000US24001","67273","32431","841","54384","2980","2202","24","001"
"Anne Arundel County, Maryland","0500000US24003","594582","300996","1998","117650","46079","52544","24","003"
"Baltimore County, Maryland","0500000US24005","844703","443480","1597","87056","61698","72544","24","005"
"Calvert County, Maryland","0500000US24009","94728","48524","1760","126358","6868","7251","24","009"
"Carroll County, Maryland","0500000US24013","176639","88829","1529","114974","13148","17737","24","013"
"Cecil County, Maryland","0500000US24015","105672","52600","1196","90762","5299","6824","24","015"
"Charles County, Maryland","0500000US24017","171973","89098","1815","105087","8819","11042","24","017"
"Frederick County, Maryland","0500000US24021","293391","148099","1719","114360","24635","26103","24","021"
"Harford County, Maryland","0500000US24025","264644","134296","1451","105029","21049","22152","24","025"
"Howard County, Maryland","0500000US24027","336001","171171","2053","141159","34571","36091","24","027"
"Montgomery County, Maryland","0500000US24031","1058474","542734","1984","125371","90930","105451","24","031"
"Prince George's County, Maryland","0500000US24033","947430","489083","1722","98027","61160","72220","24","033"
"St. Mary's County, Maryland","0500000US24037","115281","58162","1682","102282","8650","7458","24","037"
"Washington County, Maryland","0500000US24043","155813","76869","1135","71848","7306","7211","24","043"
"Wicomico County, Maryland","0500000US24045","104800","54582","1311","73834","5931","5605","24","045"
"Baltimore city, Maryland","0500000US24510","565239","304822","1239","59579","33911","42261","24","510"
"Barnstable County, Massachusetts","0500000US25001","231735","119909","1604","89893","23196","25949","25","001"
"Berkshire County, Massachusetts","0500000US25003","126818","64561","1074","77498","9947","10480","25","003"
"Bristol County, Massachusetts","0500000US25005","581841","297101","1269","81148","35300","41910","25","005"
"Essex County, Massachusetts","0500000US25009","810089","416994","1726","96874","67256","74328","25","009"
"Franklin County, Massachusetts","0500000US25011","70836","35823","1164","71296","4949","7957","25","011"
"Hampden County, Massachusetts","0500000US25013","460291","235746","1136","66997","26581","26841","25","013"
"Hampshire County, Massachusetts","0500000US25015","162502","88151","1355","79969","9988","11358","25","015"
"Middlesex County, Massachusetts","0500000US25017","1623952","822509","2193","123705","160012","163917","25","017"
"Norfolk County, Massachusetts","0500000US25021","727473","375206","2081","123903","76195","85890","25","021"
"Plymouth County, Massachusetts","0500000US25023","535308","274133","1762","108742","45700","50482","25","023"
"Suffolk County, Massachusetts","0500000US25025","768425","397587","2114","93360","73152","76407","25","025"
"Worcester County, Massachusetts","0500000US25027","866866","436060","1449","94099","68940","76080","25","027"
"Allegan County, Michigan","0500000US26005","121939","60464","1098","78779","7872","9449","26","005"
"Bay County, Michigan","0500000US26017","102500","52698","811","58675","5084","5740","26","017"
"Berrien County, Michigan","0500000US26021","152261","78480","936","62460","8311","11133","26","021"
"Calhoun County, Michigan","0500000US26025","133366","68692","906","57514","6196","6884","26","025"
"Clinton County, Michigan","0500000US26037","79720","39824","1040","92503","7742","6399","26","037"
"Eaton County, Michigan","0500000US26045","108820","54850","997","71686","7241","7328","26","045"
"Genesee County, Michigan","0500000US26049","401522","206166","928","60027","18606","22971","26","049"
"Grand Traverse County, Michigan","0500000US26055","96421","48946","1357","83650","8776","8995","26","055"
"Ingham County, Michigan","0500000US26065","284637","146435","1055","62998","17349","21300","26","065"
"Ionia County, Michigan","0500000US26067","66262","31047","816","69951","3292","3818","26","067"
"Jackson County, Michigan","0500000US26075","159424","76915","964","63338","9831","8112","26","075"
"Kalamazoo County, Michigan","0500000US26077","262215","133199","1058","67191","19749","22599","26","077"
"Kent County, Michigan","0500000US26081","661354","333343","1270","79756","58048","65389","26","081"
"Lapeer County, Michigan","0500000US26087","88977","43900","988","68556","3963","5166","26","087"
"Lenawee County, Michigan","0500000US26091","97520","48202","922","63952","5172","5436","26","091"
"Livingston County, Michigan","0500000US26093","196757","97611","1231","102508","18379","18111","26","093"
"Macomb County, Michigan","0500000US26099","875101","447162","1229","73807","54459","59974","26","099"
"Marquette County, Michigan","0500000US26103","66999","32857","842","62115","5594","5585","26","103"
"Midland County, Michigan","0500000US26111","84039","42349","894","73074","5400","7353","26","111"
"Monroe County, Michigan","0500000US26115","155045","77715","983","71506","8441","8920","26","115"
"Montcalm County, Michigan","0500000US26117","68154","31217","924","65331","1935","3407","26","117"
"Muskegon County, Michigan","0500000US26121","176564","88882","1003","61189","9326","8730","26","121"
"Oakland County, Michigan","0500000US26125","1270426","643153","1349","92015","135374","131938","26","125"
"Ottawa County, Michigan","0500000US26139","303372","153401","1149","81513","24278","25078","26","139"
"Saginaw County, Michigan","0500000US26145","187782","97301","917","59265","8344","9736","26","145"
"St. Clair County, Michigan","0500000US26147","159874","80711","914","68513","5985","8539","26","147"
"Shiawassee County, Michigan","0500000US26155","68025","34458","951","62093","3171","3473","26","155"
"Van Buren County, Michigan","0500000US26159","75798","38055","758","66424","4049","4489","26","159"
"Washtenaw County, Michigan","0500000US26161","365536","183244","1451","83754","32924","32855","26","161"
"Wayne County, Michigan","0500000US26163","1751169","904155","1095","57281","89829","108213","26","163"
"Anoka County, Minnesota","0500000US27003","372441","186659","1294","96812","28971","31010","27","003"
"Blue Earth County, Minnesota","0500000US27013","70006","35066","1055","66249","5294","5378","27","013"
"Carver County, Minnesota","0500000US27019","111057","55248","1583","129581","13146","14521","27","019"
"Clay County, Minnesota","0500000US27027","66258","33707","1111","70942","5640","6396","27","027"
"Crow Wing County, Minnesota","0500000US27035","68304","34098","1034","76050","4846","5747","27","035"
"Dakota County, Minnesota","0500000US27037","447440","226330","1585","99830","45515","47478","27","037"
"Hennepin County, Minnesota","0500000US27053","1258713","633535","1445","93668","147558","154796","27","053"
"Olmsted County, Minnesota","0500000US27109","164784","84822","1401","87856","14764","17809","27","109"
"Ramsey County, Minnesota","0500000US27123","536075","273059","1367","77812","48990","52375","27","123"
"Rice County, Minnesota","0500000US27131","67948","33557","1028","81455","3290","3658","27","131"
"St. Louis County, Minnesota","0500000US27137","200514","99529","1004","67269","13161","16423","27","137"
"Scott County, Minnesota","0500000US27139","155814","78098","1434","106181","14543","13339","27","139"
"Sherburne County, Minnesota","0500000US27141","102206","49920","1105","101214","6671","7849","27","141"
"Stearns County, Minnesota","0500000US27145","160977","78690","1129","74709","9123","11161","27","145"
"Washington County, Minnesota","0500000US27163","278936","139837","1668","110729","30648","30800","27","163"
"Wright County, Minnesota","0500000US27171","151150","74354","1272","104269","12054","12590","27","171"
"DeSoto County, Mississippi","0500000US28033","193247","100840","1381","81486","9524","14700","28","033"
"Forrest County, Mississippi","0500000US28035","78208","42772","1006","52157","4005","5635","28","035"
"Harrison County, Mississippi","0500000US28047","210612","109613","1054","56159","11776","14122","28","047"
"Hinds County, Mississippi","0500000US28049","214870","114548","992","50904","9459","17095","28","049"
"Jackson County, Mississippi","0500000US28059","146389","74932","1021","67472","8372","9715","28","059"
"Jones County, Mississippi","0500000US28067","66250","35217","749","48503","2624","3646","28","067"
"Lamar County, Mississippi","0500000US28073","66217","34012","1041","59716","5261","4194","28","073"
"Lauderdale County, Mississippi","0500000US28075","70527","36086","840","50542","2174","3917","28","075"
"Lee County, Mississippi","0500000US28081","82799","42443","877","68233","4746","4657","28","081"
"Madison County, Mississippi","0500000US28089","112511","58905","1288","78784","10793","12215","28","089"
"Rankin County, Mississippi","0500000US28121","160417","81815","1184","69208","9190","12039","28","121"
"Boone County, Missouri","0500000US29019","189463","97854","1100","69218","13523","18446","29","019"
"Buchanan County, Missouri","0500000US29021","82956","39693","889","60950","3064","4515","29","021"
"Cape Girardeau County, Missouri","0500000US29031","82984","42726","895","68094","4806","6728","29","031"
"Cass County, Missouri","0500000US29037","111732","56573","1194","84774","8430","7664","29","037"
"Christian County, Missouri","0500000US29043","94422","48381","1024","80781","6215","7796","29","043"
"Clay County, Missouri","0500000US29047","259772","130556","1245","84378","21254","22107","29","047"
"Cole County, Missouri","0500000US29051","77278","38031","754","74415","7367","6387","29","051"
"Franklin County, Missouri","0500000US29071","106404","53253","895","68440","7020","6938","29","071"
"Greene County, Missouri","0500000US29077","304611","156177","1000","59499","16650","20618","29","077"
"Jackson County, Missouri","0500000US29095","718560","370087","1197","66055","54858","56258","29","095"
"Jasper County, Missouri","0500000US29097","125056","63486","915","54109","7422","7276","29","097"
"Jefferson County, Missouri","0500000US29099","231230","116121","882","81843","14788","14018","29","099"
"Platte County, Missouri","0500000US29165","111940","57176","1287","93091","11703","12140","29","165"
"St. Charles County, Missouri","0500000US29183","416659","210592","1420","98390","36197","40058","29","183"
"St. Francois County, Missouri","0500000US29187","67058","31511","803","55042","2447","3024","29","187"
"St. Louis County, Missouri","0500000US29189","987059","514834","1204","81441","88906","101744","29","189"
"St. Louis city, Missouri","0500000US29510","281754","145418","1011","56245","24580","23538","29","510"
"Cascade County, Montana","0500000US30013","84900","41895","959","66454","6303","5233","30","013"
"Flathead County, Montana","0500000US30029","113679","56771","1275","74274","8811","11424","30","029"
"Gallatin County, Montana","0500000US30031","126409","59294","1790","91158","14099","11939","30","031"
"Lewis and Clark County, Montana","0500000US30049","75011","38724","1078","77405","6256","7049","30","049"
"Missoula County, Montana","0500000US30063","121849","60731","1172","73429","11176","12147","30","063"
"Yellowstone County, Montana","0500000US30111","170843","85946","999","68914","11011","13649","30","111"
"Douglas County, Nebraska","0500000US31055","589540","296895","1178","77457","51966","54133","31","055"
"Lancaster County, Nebraska","0500000US31109","326716","162602","1024","70637","27749","30004","31","109"
"Sarpy County, Nebraska","0500000US31153","199886","99005","1385","101932","16579","18065","31","153"
"Clark County, Nevada","0500000US32003","2336573","1167076","1654","75065","152125","155759","32","003"
"Washoe County, Nevada","0500000US32031","498022","245906","1627","84183","38617","40252","32","031"
"Belknap County, New Hampshire","0500000US33001","65027","32958","1037","97692","4920","4871","33","001"
"Cheshire County, New Hampshire","0500000US33005","77703","39225","1259","89314","6072","6604","33","005"
"Grafton County, New Hampshire","0500000US33009","93146","47370","1366","82059","7260","7936","33","009"
"Hillsborough County, New Hampshire","0500000US33011","427354","212836","1668","103727","41617","40490","33","011"
"Merrimack County, New Hampshire","0500000US33013","157103","78022","1398","92110","12829","13414","33","013"
"Rockingham County, New Hampshire","0500000US33015","320689","161677","1664","109770","32335","35186","33","015"
"Strafford County, New Hampshire","0500000US33017","133243","67144","1505","84869","10726","11809","33","017"
"Atlantic County, New Jersey","0500000US34001","275213","140568","1307","77053","18825","23775","34","001"
"Bergen County, New Jersey","0500000US34003","957736","487849","1870","116709","108094","114083","34","003"
"Burlington County, New Jersey","0500000US34005","469167","237191","1671","102532","40995","47460","34","005"
"Camden County, New Jersey","0500000US34007","527196","271786","1328","83763","36341","46171","34","007"
"Cape May County, New Jersey","0500000US34009","94610","48777","1440","84364","8988","9034","34","009"
"Cumberland County, New Jersey","0500000US34011","152326","76148","1196","64908","4992","8013","34","011"
"Essex County, New Jersey","0500000US34013","851117","437365","1477","80463","62152","72274","34","013"
"Gloucester County, New Jersey","0500000US34015","308423","156456","1582","97474","22039","27400","34","015"
"Hudson County, New Jersey","0500000US34017","705472","352211","1816","89272","72581","81623","34","017"
"Hunterdon County, New Jersey","0500000US34019","130183","66060","1573","137275","16498","17973","34","019"
"Mercer County, New Jersey","0500000US34021","381671","193506","1466","96152","28426","33094","34","021"
"Middlesex County, New Jersey","0500000US34023","863623","434005","1823","105055","73519","80841","34","023"
"Monmouth County, New Jersey","0500000US34025","642799","327289","1752","118008","68339","75490","34","025"
"Morris County, New Jersey","0500000US34027","514423","258976","1923","134579","60173","63917","34","027"
"Ocean County, New Jersey","0500000US34029","659197","338420","1692","85464","46999","50327","34","029"
"Passaic County, New Jersey","0500000US34031","513395","261429","1551","82825","34326","34962","34","031"
"Salem County, New Jersey","0500000US34033","65338","35050","1318","87294","3581","4489","34","033"
"Somerset County, New Jersey","0500000US34035","348842","176913","1970","142092","35531","41126","34","035"
"Sussex County, New Jersey","0500000US34037","146132","72191","1397","110785","14390","15325","34","037"
"Union County, New Jersey","0500000US34039","572726","289636","1744","101146","41506","45813","34","039"
"Warren County, New Jersey","0500000US34041","111252","55866","1440","100532","10763","10435","34","041"
"Bernalillo County, New Mexico","0500000US35001","671586","340605","1206","68372","46145","51193","35","001"
"Doña Ana County, New Mexico","0500000US35013","225210","112787","933","56451","12523","13551","35","013"
"Lea County, New Mexico","0500000US35025","72101","34677","1173","55736","1415","2639","35","025"
"McKinley County, New Mexico","0500000US35031","68797","36097","768","40108","1405","1803","35","031"
"Otero County, New Mexico","0500000US35035","68835","33233","965","50762","2369","3953","35","035"
"Sandoval County, New Mexico","0500000US35043","155936","78944","1464","82026","11791","11501","35","043"
"San Juan County, New Mexico","0500000US35045","120675","61207","965","57324","4399","6042","35","045"
"Santa Fe County, New Mexico","0500000US35049","155956","80063","1254","78731","12903","13371","35","049"
"Valencia County, New Mexico","0500000US35061","79141","39991","1021","54665","3296","4359","35","061"
"Albany County, New York","0500000US36001","316659","163156","1313","81335","24461","24187","36","001"
"Bronx County, New York","0500000US36005","1356476","715186","1352","46838","58694","76305","36","005"
"Broome County, New York","0500000US36007","196077","98996","935","63876","12141","11846","36","007"
"Cattaraugus County, New York","0500000US36009","75600","38278","715","54250","3250","2686","36","009"
"Cayuga County, New York","0500000US36011","74485","36457","925","66166","3414","3965","36","011"
"Chautauqua County, New York","0500000US36013","124891","63444","797","55234","4909","6400","36","013"
"Chemung County, New York","0500000US36015","81325","40682","1013","59617","4584","4963","36","015"
"Clinton County, New York","0500000US36019","78115","38506","948","62717","4060","4021","36","019"
"Dutchess County, New York","0500000US36027","297150","150134","1574","96824","22565","22984","36","027"
"Erie County, New York","0500000US36029","946147","485849","1067","70492","71654","69804","36","029"
"Jefferson County, New York","0500000US36045","114787","54410","1227","61512","3692","6565","36","045"
"Kings County, New York","0500000US36047","2561225","1341926","1762","76912","218154","240704","36","047"
"Madison County, New York","0500000US36053","66921","33938","869","74125","3454","3639","36","053"
"Monroe County, New York","0500000US36055","748482","385424","1163","73211","61949","60904","36","055"
"Nassau County, New York","0500000US36059","1381715","701270","2228","141568","131662","124797","36","059"
"New York County, New York","0500000US36061","1597451","836232","2169","101078","199472","214554","36","061"
"Niagara County, New York","0500000US36063","209457","106495","985","65875","11235","11988","36","063"
"Oneida County, New York","0500000US36065","227555","113554","913","61118","13563","12289","36","065"
"Onondaga County, New York","0500000US36067","467873","240791","1095","74704","36394","36381","36","067"
"Ontario County, New York","0500000US36069","112494","56731","1210","79450","8946","9106","36","069"
"Orange County, New York","0500000US36071","407470","203020","1642","94364","22039","25690","36","071"
"Oswego County, New York","0500000US36075","118162","58894","957","70076","5624","5929","36","075"
"Putnam County, New York","0500000US36079","98060","49958","1833","122777","7903","10096","36","079"
"Queens County, New York","0500000US36081","2252196","1153186","1877","81929","175863","197258","36","081"
"Rensselaer County, New York","0500000US36083","159305","79625","1242","84278","12141","10165","36","083"
"Richmond County, New York","0500000US36085","490687","250572","1688","95543","37358","37553","36","085"
"Rockland County, New York","0500000US36087","340807","170941","1868","106589","21932","26235","36","087"
"St. Lawrence County, New York","0500000US36089","106940","52676","789","56872","4476","5714","36","089"
"Saratoga County, New York","0500000US36091","238711","120512","1362","94330","24059","20117","36","091"
"Schenectady County, New York","0500000US36093","159902","81393","1240","74969","9844","10557","36","093"
"Steuben County, New York","0500000US36101","92162","46819","838","64238","4494","4035","36","101"
"Suffolk County, New York","0500000US36103","1523170","767639","2045","124045","120976","111981","36","103"
"Sullivan County, New York","0500000US36105","79920","37940","1028","69453","4031","4874","36","105"
"Tompkins County, New York","0500000US36109","103558","52954","1383","67247","6200","8169","36","109"
"Ulster County, New York","0500000US36111","182333","91855","1363","85878","15306","14608","36","111"
"Warren County, New York","0500000US36113","65380","33343","1051","73802","5514","5278","36","113"
"Wayne County, New York","0500000US36117","90829","45286","996","73065","6099","4616","36","117"
"Westchester County, New York","0500000US36119","990817","507627","1873","114457","89756","99931","36","119"
"Alamance County, North Carolina","0500000US37001","179165","92025","1033","65633","10461","13167","37","001"
"Brunswick County, North Carolina","0500000US37019","159964","82081","1373","76221","14132","15638","37","019"
"Buncombe County, North Carolina","0500000US37021","275901","142304","1368","71525","27599","31781","37","021"
"Burke County, North Carolina","0500000US37023","88338","44313","786","53739","4288","5344","37","023"
"Cabarrus County, North Carolina","0500000US37025","240016","120115","1484","85810","17869","18613","37","025"
"Caldwell County, North Carolina","0500000US37027","80574","40007","764","55766","3265","3545","37","027"
"Carteret County, North Carolina","0500000US37031","69615","34683","1144","78256","5416","7822","37","031"
"Catawba County, North Carolina","0500000US37035","164645","84356","947","64214","9287","11222","37","035"
"Chatham County, North Carolina","0500000US37037","81624","42150","1100","97219","7177","8380","37","037"
"Cleveland County, North Carolina","0500000US37045","101378","52303","880","62186","5987","6477","37","045"
"Craven County, North Carolina","0500000US37049","102391","51119","1039","59399","5337","6831","37","049"
"Cumberland County, North Carolina","0500000US37051","337890","170727","1228","61643","16966","21161","37","051"
"Davidson County, North Carolina","0500000US37057","174804","89298","836","63189","9797","10368","37","057"
"Durham County, North Carolina","0500000US37063","336892","174091","1587","81545","30064","42388","37","063"
"Forsyth County, North Carolina","0500000US37067","392921","206568","1104","65062","29581","39907","37","067"
"Franklin County, North Carolina","0500000US37069","77001","38750","1065","70548","4279","4913","37","069"
"Gaston County, North Carolina","0500000US37071","237242","122748","1221","66906","14237","17988","37","071"
"Guilford County, North Carolina","0500000US37081","549866","288536","1165","65413","37323","47042","37","081"
"Harnett County, North Carolina","0500000US37085","141477","71459","1095","70664","7864","8477","37","085"
"Henderson County, North Carolina","0500000US37089","119230","61210","1186","61974","9906","11548","37","089"
"Iredell County, North Carolina","0500000US37097","199710","99864","1238","85298","15727","17598","37","097"
"Johnston County, North Carolina","0500000US37101","241955","121946","1307","79592","15999","20167","37","101"
"Lee County, North Carolina","0500000US37105","67059","32938","864","60140","3424","3722","37","105"
"Lincoln County, North Carolina","0500000US37109","95675","48267","1082","77776","7066","7617","37","109"
"Mecklenburg County, North Carolina","0500000US37119","1163701","601622","1660","84593","126303","130688","37","119"
"Moore County, North Carolina","0500000US37125","106898","55340","1342","78057","9933","10519","37","125"
"Nash County, North Carolina","0500000US37127","96551","49476","937","66121","3944","6495","37","127"
"New Hanover County, North Carolina","0500000US37129","238852","124194","1466","79547","25463","25415","37","129"
"Onslow County, North Carolina","0500000US37133","213676","95133","1261","67597","8157","10373","37","133"
"Orange County, North Carolina","0500000US37135","150626","80028","1425","86381","11540","14336","37","135"
"Pender County, North Carolina","0500000US37141","68521","33870","1070","71487","4757","5851","37","141"
"Pitt County, North Carolina","0500000US37147","175119","92389","1042","59946","9196","11517","37","147"
"Randolph County, North Carolina","0500000US37151","147458","74094","964","56310","6687","7985","37","151"
"Robeson County, North Carolina","0500000US37155","117365","60423","786","40996","3226","3921","37","155"
"Rockingham County, North Carolina","0500000US37157","92518","47046","790","59434","3406","4669","37","157"
"Rowan County, North Carolina","0500000US37159","151661","74635","974","65904","7789","9279","37","159"
"Rutherford County, North Carolina","0500000US37161","65507","34136","794","47557","2976","3178","37","161"
"Stanly County, North Carolina","0500000US37167","65699","33120","856","65456","3270","3979","37","167"
"Surry County, North Carolina","0500000US37171","71462","36014","697","58291","3044","4656","37","171"
"Union County, North Carolina","0500000US37179","256452","128085","1559","98215","22318","22284","37","179"
"Wake County, North Carolina","0500000US37183","1190275","607360","1652","102918","138138","148887","37","183"
"Wayne County, North Carolina","0500000US37191","118686","61282","931","55461","5983","6304","37","191"
"Wilkes County, North Carolina","0500000US37193","66013","33282","655","47022","2745","3429","37","193"
"Wilson County, North Carolina","0500000US37195","78970","41251","1005","51247","2359","4353","37","195"
"Burleigh County, North Dakota","0500000US38015","100012","49090","926","85172","9215","9773","38","015"
"Cass County, North Dakota","0500000US38017","196362","97063","968","73742","17296","18579","38","017"
"Grand Forks County, North Dakota","0500000US38035","72708","36583","949","72536","4002","4542","38","035"
"Ward County, North Dakota","0500000US38101","68332","32923","1010","72370",,,"38","101"
"Allen County, Ohio","0500000US39003","100838","49958","941","66891","3702","4358","39","003"
"Ashtabula County, Ohio","0500000US39007","96845","47050","721","57577","3582","4795","39","007"
"Belmont County, Ohio","0500000US39013","64918","31369","743","56361","3423","3323","39","013"
"Butler County, Ohio","0500000US39017","393043","198534","1139","80135","23184","27496","39","017"
"Clark County, Ohio","0500000US39023","134610","68672","785","57910","4910","6138","39","023"
"Clermont County, Ohio","0500000US39025","211972","107407","1076","81173","16832","13086","39","025"
"Columbiana County, Ohio","0500000US39029","100182","49240","756","53455","4039","3429","39","029"
"Cuyahoga County, Ohio","0500000US39035","1233088","641920","1053","61862","85869","97280","39","035"
"Delaware County, Ohio","0500000US39041","231636","115410","1494","126513","28682","25176","39","041"
"Erie County, Ohio","0500000US39043","74035","36533","895","61648","4873","5752","39","043"
"Fairfield County, Ohio","0500000US39045","165360","81793","1146","84759","9800","11418","39","045"
"Franklin County, Ohio","0500000US39049","1326063","675537","1287","71680","117031","118070","39","049"
"Geauga County, Ohio","0500000US39055","95407","47412","904","99305","6365","8192","39","055"
"Greene County, Ohio","0500000US39057","169691","86176","1204","83866","12372","13025","39","057"
"Hamilton County, Ohio","0500000US39061","827058","425145","1053","68519","69053","72257","39","061"
"Hancock County, Ohio","0500000US39063","74704","37270","989","70736","6359","4520","39","063"
"Lake County, Ohio","0500000US39085","231640","118076","1085","72620","17436","19191","39","085"
"Licking County, Ohio","0500000US39089","183201","92807","1048","75976","9987","12938","39","089"
"Lorain County, Ohio","0500000US39093","317910","160305","930","75461","18656","19668","39","093"
"Lucas County, Ohio","0500000US39095","425484","218605","934","60426","22043","27249","39","095"
"Mahoning County, Ohio","0500000US39099","225596","114931","813","51738","10222","15680","39","099"
"Marion County, Ohio","0500000US39101","64851","29520","814","53995","1466","1853","39","101"
"Medina County, Ohio","0500000US39103","184042","92566","1128","89647","15559","14789","39","103"
"Miami County, Ohio","0500000US39109","110876","56052","884","75366","6214","6496","39","109"
"Montgomery County, Ohio","0500000US39113","533796","275519","1014","62450","31782","37101","39","113"
"Muskingum County, Ohio","0500000US39119","86305","44288","840","56654","3348","4280","39","119"
"Portage County, Ohio","0500000US39133","162665","81560","1085","73220","10513","10355","39","133"
"Richland County, Ohio","0500000US39139","125064","60701","808","56664","4846","6020","39","139"
"Ross County, Ohio","0500000US39141","76501","36932","865","60666","2875","4680","39","141"
"Scioto County, Ohio","0500000US39145","71969","36301","805","52159","2669","3463","39","145"
"Stark County, Ohio","0500000US39151","372716","190715","891","63145","21899","24955","39","151"
"Summit County, Ohio","0500000US39153","535733","275036","1007","69577","45114","46545","39","153"
"Trumbull County, Ohio","0500000US39155","200373","101206","761","51016","9431","9619","39","155"
"Tuscarawas County, Ohio","0500000US39157","91874","46416","850","60604","4055","3956","39","157"
"Union County, Ohio","0500000US39159","69637","35818","1247","101968","5260","5763","39","159"
"Warren County, Ohio","0500000US39165","252148","125967","1453","107541","26602","23482","39","165"
"Wayne County, Ohio","0500000US39169","116510","58657","886","69101","6042","7375","39","169"
"Wood County, Ohio","0500000US39173","132650","67070","929","72947","8104","8619","39","173"
"Canadian County, Oklahoma","0500000US40017","175829","87505","1329","86061","10581","16052","40","017"
"Cleveland County, Oklahoma","0500000US40027","301193","151288","1149","74495","18765","19371","40","027"
"Comanche County, Oklahoma","0500000US40031","121574","58823","991","56706","5893","6283","40","031"
"Creek County, Oklahoma","0500000US40037","73332","37097","882","55857","3164","3393","40","037"
"Muskogee County, Oklahoma","0500000US40101","66677","33678","800","52484","1614","3409","40","101"
"Oklahoma County, Oklahoma","0500000US40109","808866","412020","1143","65948","61076","65525","40","109"
"Payne County, Oklahoma","0500000US40119","83352","41743","953","56371","4210","7220","40","119"
"Pottawatomie County, Oklahoma","0500000US40125","73791","38502","832","56579","2949","4046","40","125"
"Rogers County, Oklahoma","0500000US40131","100248","50234","1053","70200","5947","7084","40","131"
"Tulsa County, Oklahoma","0500000US40143","682868","347933","1108","65479","48988","52000","40","143"
"Wagoner County, Oklahoma","0500000US40145","89280","44407","1088","80372","4823","6052","40","145"
"Benton County, Oregon","0500000US41003","97713","48801","1368","73047","7298","10988","41","003"
"Clackamas County, Oregon","0500000US41005","423173","213987","1749","100675","38578","41500","41","005"
"Deschutes County, Oregon","0500000US41017","208513","105532","1806","97163","22092","26288","41","017"
"Douglas County, Oregon","0500000US41019","112435","57723","1038","60889","4526","5599","41","019"
"Jackson County, Oregon","0500000US41029","220768","113544","1419","71666","12186","16974","41","029"
"Josephine County, Oregon","0500000US41033","87821","44853","1166","64170","3915","4434","41","033"
"Klamath County, Oregon","0500000US41035","70003","34121","987","52547","3077","3132","41","035"
"Lane County, Oregon","0500000US41039","381181","192924","1373","70374","25532","27303","41","039"
"Linn County, Oregon","0500000US41043","131496","65950","1359","70548","7494","8227","41","043"
"Marion County, Oregon","0500000US41047","346741","173587","1416","73417","23014","21750","41","047"
"Multnomah County, Oregon","0500000US41051","789698","396239","1543","83583","88221","93698","41","051"
"Polk County, Oregon","0500000US41053","89805","45113","1201","80328","6448","5285","41","053"
"Umatilla County, Oregon","0500000US41059","80053","39164","963","60582","3118","4020","41","059"
"Washington County, Oregon","0500000US41067","598865","298912","1818","103713","60455","67786","41","067"
"Yamhill County, Oregon","0500000US41071","108644","53520","1421","89160","8456","8511","41","071"
"Adams County, Pennsylvania","0500000US42001","106748","54185","1061","76725","4842","5961","42","001"
"Allegheny County, Pennsylvania","0500000US42003","1224825","627269","1154","76615","118200","123021","42","003"
"Armstrong County, Pennsylvania","0500000US42005","64074","32101","724","61836","2972","3535","42","005"
"Beaver County, Pennsylvania","0500000US42007","165631","83720","840","66768","12777","12786","42","007"
"Berks County, Pennsylvania","0500000US42011","432821","218585","1219","75675","22785","27453","42","011"
"Blair County, Pennsylvania","0500000US42013","120273","60460","837","54002","5973","6530","42","013"
"Bucks County, Pennsylvania","0500000US42017","645984","326000","1612","107221","60351","63135","42","017"
"Butler County, Pennsylvania","0500000US42019","198413","99545","1060","80379","17252","16669","42","019"
"Cambria County, Pennsylvania","0500000US42021","130668","65553","725","55748","5347","8138","42","021"
"Carbon County, Pennsylvania","0500000US42025","65458","32044","1074","64229","2167","2886","42","025"
"Centre County, Pennsylvania","0500000US42027","157795","75631","1198","69101","11245","11558","42","027"
"Chester County, Pennsylvania","0500000US42029","549784","277737","1719","120903","62922","63211","42","029"
"Clearfield County, Pennsylvania","0500000US42033","77090","36916","790","60711","3800","3814","42","033"
"Columbia County, Pennsylvania","0500000US42037","65439","33519","870","63683","3748","3533","42","037"
"Crawford County, Pennsylvania","0500000US42039","82001","41578","764","60797","4317","4188","42","039"
"Cumberland County, Pennsylvania","0500000US42041","270738","136191","1148","82174","23207","23840","42","041"
"Dauphin County, Pennsylvania","0500000US42043","289234","147892","1244","74170","22274","22640","42","043"
"Delaware County, Pennsylvania","0500000US42045","576720","297042","1307","84085","44425","48305","42","045"
"Erie County, Pennsylvania","0500000US42049","267571","132928","894","60663","16832","16371","42","049"
"Fayette County, Pennsylvania","0500000US42051","123915","62342","745","54523","5647","5582","42","051"
"Franklin County, Pennsylvania","0500000US42055","157854","80271","1095","75875","7795","8202","42","055"
"Indiana County, Pennsylvania","0500000US42063","83094","41523","788","57505","4106","4259","42","063"
"Lackawanna County, Pennsylvania","0500000US42069","216123","109627","1069","56002","13638","14093","42","069"
"Lancaster County, Pennsylvania","0500000US42071","558589","284881","1329","80067","36860","38695","42","071"
"Lawrence County, Pennsylvania","0500000US42073","84472","43249","763","62754","5638","5054","42","073"
"Lebanon County, Pennsylvania","0500000US42075","144252","72866","1186","78824","7287","8624","42","075"
"Lehigh County, Pennsylvania","0500000US42077","377754","191682","1346","76508","24792","30945","42","077"
"Luzerne County, Pennsylvania","0500000US42079","327388","164128","1058","60380","16136","18976","42","079"
"Lycoming County, Pennsylvania","0500000US42081","112724","57145","869","62135","6148","7823","42","081"
"Mercer County, Pennsylvania","0500000US42085","108503","54617","874","61669","6036","6703","42","085"
"Monroe County, Pennsylvania","0500000US42089","166053","81421","1325","71087","10378","10953","42","089"
"Montgomery County, Pennsylvania","0500000US42091","868742","442681","1674","106748","86905","93876","42","091"
"Northampton County, Pennsylvania","0500000US42095","319091","160787","1390","84229","22457","23388","42","095"
"Northumberland County, Pennsylvania","0500000US42097","90120","44045","746","59046","4099","4653","42","097"
"Philadelphia County, Pennsylvania","0500000US42101","1550542","817626","1390","60302","103969","112476","42","101"
"Schuylkill County, Pennsylvania","0500000US42107","143786","69760","801","64276","6940","6330","42","107"
"Somerset County, Pennsylvania","0500000US42111","72197","34816","794","60515","2544","2990","42","111"
"Washington County, Pennsylvania","0500000US42125","210232","106589","956","77450","15515","14397","42","125"
"Westmoreland County, Pennsylvania","0500000US42129","351163","177795","862","71081","24471","28913","42","129"
"York County, Pennsylvania","0500000US42133","464640","233292","1149","81362","29639","30926","42","133"
"Kent County, Rhode Island","0500000US44003","171278","88356","1342","91821","14125","17992","44","003"
"Newport County, Rhode Island","0500000US44005","83832","42723","1657","104880","9126","8742","44","005"
"Providence County, Rhode Island","0500000US44007","660615","336335","1369","77170","42836","49394","44","007"
"Washington County, Rhode Island","0500000US44009","129982","67523","1194","102108","13972","15985","44","009"
"Aiken County, South Carolina","0500000US45003","177130","91614","1022","67480","13539","13483","45","003"
"Anderson County, South Carolina","0500000US45007","213076","109714","1053","64645","12746","12556","45","007"
"Beaufort County, South Carolina","0500000US45013","198979","101254","1759","81111","20181","23480","45","013"
"Berkeley County, South Carolina","0500000US45015","255217","128292","1654","83372","14748","22911","45","015"
"Charleston County, South Carolina","0500000US45019","424367","217776","1665","89083","47337","49385","45","019"
"Dorchester County, South Carolina","0500000US45035","169833","86875","1505","78137","10085","12289","45","035"
"Florence County, South Carolina","0500000US45041","137214","74468","1012","54014","5999","7077","45","041"
"Georgetown County, South Carolina","0500000US45043","65731","34617","1517","71313","4798","5194","45","043"
"Greenville County, South Carolina","0500000US45045","558036","287109","1295","76334","51451","49333","45","045"
"Greenwood County, South Carolina","0500000US45047","69460","38126","894","56420","3973","4069","45","047"
"Horry County, South Carolina","0500000US45051","397478","204746","1265","68988","28855","30016","45","051"
"Kershaw County, South Carolina","0500000US45055","69905","34762","1032","71375","3079","3840","45","055"
"Lancaster County, South Carolina","0500000US45057","108215","55286","1097","73942","8220","9411","45","057"
"Laurens County, South Carolina","0500000US45059","68873","35740","876","56394","1555","3318","45","059"
"Lexington County, South Carolina","0500000US45063","309528","159494","1166","76447","20484","23185","45","063"
"Oconee County, South Carolina","0500000US45073","81221","41272","814","67124","5451","5376","45","073"
"Orangeburg County, South Carolina","0500000US45075","82820","44492","838","51863","2215","2952","45","075"
"Pickens County, South Carolina","0500000US45077","135495","68324","961","57110","7555","7739","45","077"
"Richland County, South Carolina","0500000US45079","425138","222597","1198","61079","28367","34405","45","079"
"Spartanburg County, South Carolina","0500000US45083","356698","182206","1028","63899","18287","19916","45","083"
"Sumter County, South Carolina","0500000US45085","104165","53913","931","55982","4147","4571","45","085"
"York County, South Carolina","0500000US45091","298320","154239","1360","81356","25337","28154","45","091"
"Lincoln County, South Dakota","0500000US46083","73238","37224","1261","98015","7531","6967","46","083"
"Minnehaha County, South Dakota","0500000US46099","206930","99204","949","71326","16454","19122","46","099"
"Pennington County, South Dakota","0500000US46103","115903","56698","1127","74893","7935","10789","46","103"
"Anderson County, Tennessee","0500000US47001","80234","40710","927","57652","4891","6221","47","001"
"Blount County, Tennessee","0500000US47009","141456","72587","1159","78504","8295","10617","47","009"
"Bradley County, Tennessee","0500000US47011","111579","56866","983","61107","4328","6757","47","011"
"Davidson County, Tennessee","0500000US47037","712334","367977","1620","80379","72817","82463","47","037"
"Greene County, Tennessee","0500000US47059","72577","35715","737","54261","2618","3525","47","059"
"Hamblen County, Tennessee","0500000US47063","66216","34396","901","53210","3704","2895","47","063"
"Hamilton County, Tennessee","0500000US47065","379864","195053","1298","73611","30331","29966","47","065"
"Knox County, Tennessee","0500000US47093","500669","253100","1301","70265","39204","44308","47","093"
"Madison County, Tennessee","0500000US47113","99193","51544","1152","58702","4305","5804","47","113"
"Maury County, Tennessee","0500000US47119","110760","56014","1219","72651","7502","8982","47","119"
"Montgomery County, Tennessee","0500000US47125","239872","118521","1376","75361","13252","15915","47","125"
"Putnam County, Tennessee","0500000US47141","83844","42435","873","56368","4321","4838","47","141"
"Robertson County, Tennessee","0500000US47147","76776","39009","1258","83355","3315","4294","47","147"
"Rutherford County, Tennessee","0500000US47149","367101","187779","1548","81628","26934","30556","47","149"
"Sevier County, Tennessee","0500000US47155","99415","51095","970","59665","4355","5735","47","155"
"Shelby County, Tennessee","0500000US47157","910042","479233","1226","62413","53526","63896","47","157"
"Sullivan County, Tennessee","0500000US47163","162135","82063","879","56481","10077","12116","47","163"
"Sumner County, Tennessee","0500000US47165","207994","105338","1424","86081","17022","17103","47","165"
"Washington County, Tennessee","0500000US47179","138420","70276","1026","60729","7497","8988","47","179"
"Williamson County, Tennessee","0500000US47187","264460","133935","1972","133990","32007","33032","47","187"
"Wilson County, Tennessee","0500000US47189","163674","82721","1517","96171","12688","15581","47","189"
"Angelina County, Texas","0500000US48005","87319","44720","1068","56864","2118","3862","48","005"
"Bastrop County, Texas","0500000US48021","110778","54908","1605","76522","5207","4379","48","021"
"Bell County, Texas","0500000US48027","393193","198111","1331","69890","22778","24016","48","027"
"Bexar County, Texas","0500000US48029","2087679","1051556","1332","69807","131457","145374","48","029"
"Bowie County, Texas","0500000US48037","91687","45958","1026","53212","4182","5012","48","037"
"Brazoria County, Texas","0500000US48039","398938","197757","1471","93680","21017","26760","48","039"
"Brazos County, Texas","0500000US48041","244703","121343","1188","53123","15747","16875","48","041"
"Cameron County, Texas","0500000US48061","426710","216629","904","52210","16524","20555","48","061"
"Collin County, Texas","0500000US48085","1195359","599607","1866","119155","132911","134283","48","085"
"Comal County, Texas","0500000US48091","193928","97572","1546","99193","19787","20682","48","091"
"Coryell County, Texas","0500000US48099","84878","42935","1181","75559","3855","5067","48","099"
"Dallas County, Texas","0500000US48113","2606358","1313563","1597","74350","179254","196669","48","113"
"Denton County, Texas","0500000US48121","1007703","508533","1747","106695","110427","110580","48","121"
"Ector County, Texas","0500000US48135","164494","78654","1169","66608","5827","6572","48","135"
"Ellis County, Texas","0500000US48139","222829","112809","1693","89488","11295","15054","48","139"
"El Paso County, Texas","0500000US48141","869880","436401","1127","58971","43092","50742","48","141"
"Fort Bend County, Texas","0500000US48157","916778","465591","1839","105441","81834","89073","48","157"
"Galveston County, Texas","0500000US48167","361744","184324","1401","83514","26755","30713","48","167"
"Grayson County, Texas","0500000US48181","146907","76154","1325","69019","7967","9133","48","181"
"Gregg County, Texas","0500000US48183","126243","64812","1117","61569","5172","6540","48","183"
"Guadalupe County, Texas","0500000US48187","188454","94626","1598","95953","11282","14614","48","187"
"Harris County, Texas","0500000US48201","4835125","2435062","1403","72336","309804","342356","48","201"
"Harrison County, Texas","0500000US48203","70895","36222","972","65263","2461","4745","48","203"
"Hays County, Texas","0500000US48209","280486","140223","1443","87296","26577","26584","48","209"
"Henderson County, Texas","0500000US48213","86158","44597","999","59391","3242","3938","48","213"
"Hidalgo County, Texas","0500000US48215","898471","454679","936","53661","34886","38141","48","215"
"Hood County, Texas","0500000US48221","67774","34721","1514","80682","4916","6000","48","221"
"Hunt County, Texas","0500000US48231","113347","57746","1214","71045","4915","5857","48","231"
"Jefferson County, Texas","0500000US48245","251496","121382","1129","59725","7787","9534","48","245"
"Johnson County, Texas","0500000US48251","202906","100937","1370","83737","10535","13256","48","251"
"Kaufman County, Texas","0500000US48257","185690","94011","1526","90793","10759","11849","48","257"
"Liberty County, Texas","0500000US48291","108272","54995","1099","77535","1679","3074","48","291"
"Lubbock County, Texas","0500000US48303","320940","162720","1170","57149","16810","20775","48","303"
"McLennan County, Texas","0500000US48309","268583","136710","1120","63553","11668","15642","48","309"
"Midland County, Texas","0500000US48329","177108","87070","1328","93269","11632","12833","48","329"
"Montgomery County, Texas","0500000US48339","711354","358065","1508","91841","56660","62872","48","339"
"Nacogdoches County, Texas","0500000US48347","65375","33375","883","51718","3184","3244","48","347"
"Nueces County, Texas","0500000US48355","352289","177115","1248","64034","19306","18772","48","355"
"Orange County, Texas","0500000US48361","85722","44378","1067","65521","2113","5026","48","361"
"Parker County, Texas","0500000US48367","173494","87290","1541","98174","11937","12862","48","367"
"Potter County, Texas","0500000US48375","114647","56825","980","50743","3564","6158","48","375"
"Randall County, Texas","0500000US48381","148255","75147","1059","80940","9441","12445","48","381"
"Rockwall County, Texas","0500000US48397","131307","66338","2093","112250","11608","13598","48","397"
"San Patricio County, Texas","0500000US48409","70660","34196","1165","60494","2493","2576","48","409"
"Smith County, Texas","0500000US48423","245209","126730","1299","72313","14301","16257","48","423"
"Starr County, Texas","0500000US48427","65934","33781","747","41566","1081","1997","48","427"
"Tarrant County, Texas","0500000US48439","2182947","1111286","1569","80043","161037","175765","48","439"
"Taylor County, Texas","0500000US48441","146836","74424","1269","61816","7447","9549","48","441"
"Tom Green County, Texas","0500000US48451","119057","59797","1128","57268","6565","7441","48","451"
"Travis County, Texas","0500000US48453","1334961","651141","1770","97543","175701","175449","48","453"
"Victoria County, Texas","0500000US48469","91664","46626","1164","72075","2232","4920","48","469"
"Walker County, Texas","0500000US48471","81268","33815","1045","55134","4667","4691","48","471"
"Webb County, Texas","0500000US48479","269148","135647","990","60204","11358","12591","48","479"
"Wichita County, Texas","0500000US48485","130180","62308","976","61983","6793","7360","48","485"
"Williamson County, Texas","0500000US48491","697191","347884","1830","110415","72600","75636","48","491"
"Wise County, Texas","0500000US48497","78097","38812","1292","91920","3436","5103","48","497"
"Cache County, Utah","0500000US49005","142393","72141","1275","83695","10119","11377","49","005"
"Davis County, Utah","0500000US49011","373207","183998","1615","111778","28389","28973","49","011"
"Salt Lake County, Utah","0500000US49035","1185813","585629","1651","94439","92733","97076","49","035"
"Tooele County, Utah","0500000US49045","82051","39496","1090","94201","3502","4542","49","045"
"Utah County, Utah","0500000US49049","719174","353960","1560","100895","57703","60382","49","049"
"Washington County, Utah","0500000US49053","202452","101356","1624","77480","13649","13394","49","053"
"Weber County, Utah","0500000US49057","271926","133797","1445","87565","15599","19836","49","057"
"Chittenden County, Vermont","0500000US50007","169481","86589","1659","99578","17847","17446","50","007"
"Albemarle County, Virginia","0500000US51003","115676","60137","1607","103413","9861","13613","51","003"
"Arlington County, Virginia","0500000US51013","234162","116652","2223","140219","31863","31658","51","013"
"Augusta County, Virginia","0500000US51015","78247","37984","1114","71346","4068","5498","51","015"
"Bedford County, Virginia","0500000US51019","81525","41386","942","73456","5074","6720","51","019"
"Chesterfield County, Virginia","0500000US51041","383876","198222","1594","99658","35820","39494","51","041"
"Fairfax County, Virginia","0500000US51059","1141878","571995","2156","141553","120244","126082","51","059"
"Fauquier County, Virginia","0500000US51061","75165","37674","1473","110358","6216","7934","51","061"
"Frederick County, Virginia","0500000US51069","95994","47053","1368","92640","6430","7429","51","069"
"Hanover County, Virginia","0500000US51085","114148","57775","1593","112243","11183","9880","51","085"
"Henrico County, Virginia","0500000US51087","334760","174052","1593","85817","29734","32956","51","087"
"James City County, Virginia","0500000US51095","82654","42035","1646","110137","7791","10291","51","095"
"Loudoun County, Virginia","0500000US51107","436347","217617","2321","174148","52340","55360","51","107"
"Montgomery County, Virginia","0500000US51121","98666","47594","1241","68079","5577","6520","51","121"
"Prince William County, Virginia","0500000US51153","489640","243588","2042","131047","42491","45444","51","153"
"Roanoke County, Virginia","0500000US51161","97026","50244","1161","80809","7361","8821","51","161"
"Rockingham County, Virginia","0500000US51165","86568","44435","1047","80935","3233","5404","51","165"
"Spotsylvania County, Virginia","0500000US51177","149588","75584","1770","112595","9411","12554","51","177"
"Stafford County, Virginia","0500000US51179","165428","80542","2026","134619","13269","12685","51","179"
"York County, Virginia","0500000US51199","70952","36139","1845","101351","6227","5951","51","199"
"Alexandria city, Virginia","0500000US51510","155230","79486","1954","110294","17033","19390","51","510"
"Chesapeake city, Virginia","0500000US51550","253886","128722","1628","92633","17269","21948","51","550"
"Hampton city, Virginia","0500000US51650","137098","71261","1455","70238","8032","10285","51","650"
"Lynchburg city, Virginia","0500000US51680","79535","42623","1062","61693","4838","6355","51","680"
"Newport News city, Virginia","0500000US51700","183118","95672","1326","64962","8822","14317","51","700"
"Norfolk city, Virginia","0500000US51710","230930","114066","1314","62382","13145","16143","51","710"
"Portsmouth city, Virginia","0500000US51740","96793","49657","1225","57109","5462","6140","51","740"
"Richmond city, Virginia","0500000US51760","229247","122708","1441","65650","21372","23529","51","760"
"Roanoke city, Virginia","0500000US51770","97171","51396","1110","51038","5242","6704","51","770"
"Suffolk city, Virginia","0500000US51800","100659","52088","1460","81154","5339","8030","51","800"
"Virginia Beach city, Virginia","0500000US51810","453649","231075","1704","91141","36523","43709","51","810"
"Benton County, Washington","0500000US53005","215219","105882","1327","82304","13787","15133","53","005"
"Chelan County, Washington","0500000US53007","79997","39420","1139","76722","4970","5232","53","007"
"Clallam County, Washington","0500000US53009","77616","39640","1094","65990","5152","5694","53","009"
"Clark County, Washington","0500000US53011","521150","261702","1731","97678","39373","39448","53","011"
"Cowlitz County, Washington","0500000US53015","112864","57416","1176","70959","4102","5764","53","015"
"Franklin County, Washington","0500000US53021","99034","49011","1183","84366","3839","4278","53","021"
"Grant County, Washington","0500000US53025","102678","49950","1057","75586","3220","4620","53","025"
"Grays Harbor County, Washington","0500000US53027","77290","37773","1041","67221","3005","3368","53","027"
"Island County, Washington","0500000US53029","86267","42455","1632","90308","6982","7007","53","029"
"King County, Washington","0500000US53033","2271380","1120356","2043","120824","277669","274003","53","033"
"Kitsap County, Washington","0500000US53035","277658","134605","1808","99609","19472","25896","53","035"
"Lewis County, Washington","0500000US53041","86154","43228","1080","67169","4100","4412","53","041"
"Mason County, Washington","0500000US53045","68389","34423","1368","74508","3462","5076","53","045"
"Pierce County, Washington","0500000US53053","928696","462827","1802","98174","57810","71211","53","053"
"Skagit County, Washington","0500000US53057","131417","65223","1667","91234","7800","9423","53","057"
"Snohomish County, Washington","0500000US53061","844761","417927","1911","106269","77054","76082","53","061"
"Spokane County, Washington","0500000US53063","551455","275297","1297","73583","36860","37727","53","063"
"Thurston County, Washington","0500000US53067","299003","151794","1776","93170","24975","28424","53","067"
"Whatcom County, Washington","0500000US53073","231919","117709","1497","74884","21660","20382","53","073"
"Yakima County, Washington","0500000US53077","256643","127685","1119","69525","8300","9467","53","077"
"Berkeley County, West Virginia","0500000US54003","132440","66371","1269","79625","6289","6836","54","003"
"Cabell County, West Virginia","0500000US54011","92082","47324","859","56415","6033","7708","54","011"
"Harrison County, West Virginia","0500000US54033","64639","32900","824","58646","4240","4016","54","033"
"Kanawha County, West Virginia","0500000US54039","174805","88414","839","56469","9807","13083","54","039"
"Monongalia County, West Virginia","0500000US54061","107718","51818","913","61009","7302","7937","54","061"
"Raleigh County, West Virginia","0500000US54081","72356","36681","893","55189","2353","4373","54","081"
"Wood County, West Virginia","0500000US54107","83052","42220","736","54750","3850","5305","54","107"
"Brown County, Wisconsin","0500000US55009","271417","136689","1033","77146","19533","22056","55","009"
"Chippewa County, Wisconsin","0500000US55017","66970","32432","873","77617","4006","4560","55","017"
"Dane County, Wisconsin","0500000US55025","575347","285446","1378","82838","57487","63867","55","025"
"Dodge County, Wisconsin","0500000US55027","88231","41429","968","72736","3905","5471","55","027"
"Eau Claire County, Wisconsin","0500000US55035","107903","54540","1041","72563","8237","8754","55","035"
"Fond du Lac County, Wisconsin","0500000US55039","103948","51855","964","71285","5603","6584","55","039"
"Jefferson County, Wisconsin","0500000US55055","85743","42640","953","82864","5245","7546","55","055"
"Kenosha County, Wisconsin","0500000US55059","167488","84869","1212","74886","11648","13313","55","059"
"La Crosse County, Wisconsin","0500000US55063","120486","61239","1009","70010","8710","10137","55","063"
"Manitowoc County, Wisconsin","0500000US55071","81331","41144","752","68297","3938","4721","55","071"
"Marathon County, Wisconsin","0500000US55073","138612","69352","977","74141","8470","9887","55","073"
"Milwaukee County, Wisconsin","0500000US55079","916205","471274","1084","63185","68333","73469","55","079"
"Outagamie County, Wisconsin","0500000US55087","193234","96529","1101","85784","15273","15447","55","087"
"Ozaukee County, Wisconsin","0500000US55089","93460","47138","988","96961","10120","10867","55","089"
"Portage County, Wisconsin","0500000US55097","71024","35060","948","69391","5125","6228","55","097"
"Racine County, Wisconsin","0500000US55101","196613","98834","1038","73978","11424","12586","55","101"
"Rock County, Wisconsin","0500000US55105","164278","81772","973","73440","9843","11877","55","105"
"St. Croix County, Wisconsin","0500000US55109","96763","48637","1478","102475","8024","9960","55","109"
"Sauk County, Wisconsin","0500000US55111","65920","33004","1076","80070","3917","5290","55","111"
"Sheboygan County, Wisconsin","0500000US55117","117752","58195","895","72902","7393","7883","55","117"
"Walworth County, Wisconsin","0500000US55127","105822","52236","1116","75229","7886","7850","55","127"
"Washington County, Wisconsin","0500000US55131","138168","69928","1174","93287","11682","12948","55","131"
"Waukesha County, Wisconsin","0500000US55133","412591","208216","1330","98630","46042","48344","55","133"
"Winnebago County, Wisconsin","0500000US55139","171735","84348","929","69957","13598","15549","55","139"
"Wood County, Wisconsin","0500000US55141","73939","37052","766","66461","3365","5088","55","141"
"Laramie County, Wyoming","0500000US56021","100984","50041","1143","75112","6323","7959","56","021"
"Natrona County, Wyoming","0500000US56025","79941","39124","1063","73203","4960","5333","56","025"
"Arecibo Municipio, Puerto Rico","0500000US72013","85641","45185","536","25496","5125","11380","72","013"
"Bayamón Municipio, Puerto Rico","0500000US72021","180835","96675","662","30660","15115","22199","72","021"
"Caguas Municipio, Puerto Rico","0500000US72025","124608","67556","590","30589","9443","12789","72","025"
"Carolina Municipio, Puerto Rico","0500000US72031","150843","81751","609","35391","9925","20261","72","031"
"Guaynabo Municipio, Puerto Rico","0500000US72061","89039","47145","1079","48084","8426","10183","72","061"
"Mayagüez Municipio, Puerto Rico","0500000US72097","69798","36007","447","16836","2720","5969","72","097"
"Ponce Municipio, Puerto Rico","0500000US72113","130251","68466","526","18889","8714","11975","72","113"
"San Juan Municipio, Puerto Rico","0500000US72127","333005","181150","607","27403","28750","36651","72","127"
"Toa Alta Municipio, Puerto Rico","0500000US72135","65957","35180","566","31635","5356","6513","72","135"
"Toa Baja Municipio, Puerto Rico","0500000US72137","71888","38636","772","31814","3827","7680","72","137"
"Trujillo Alto Municipio, Puerto Rico","0500000US72139","66705","35194","749","49261","5705","9558","72","139"
